BELNR,LIFNR,NAME1,EBELN,EBELP,BLDAT,BUDAT,MENGE,NETPR,WRBTR,MWSTS,FREIGHT,WAERS,RMWWR,ZTERM,LFBNR
INV-2026-00001,0000700001,Nordwind Industrie GmbH,4500000001,00010,2026-04-13,2026-04-14,23.0,458.09,10536.07,2001.85,120.0,EUR,12657.92,NT45,5000000001
INV-2026-00002,0000700002,Bluepeak Manufacturing AG,4500000002,00010,2026-02-13,2026-02-14,57.0,564.41,32171.37,6112.56,120.0,EUR,38403.93,NT45,5000000002
INV-2026-00003,0000700003,Vertex Trading BV,4500000003,00010,2026-04-14,2026-04-15,57.0,60.71,3460.47,657.49,69.21,EUR,4187.17,NT30,5000000003
INV-2026-00004,0000700004,Ravenna Trading BV,4500000004,00010,2026-03-21,2026-03-22,34.0,187.43,6372.62,1210.8,120.0,EUR,7703.42,NT45,5000000004
INV-2026-00005,0000700005,Kestrel Supply Ltd,4500000005,00010,2026-01-30,2026-01-31,36.0,110.43,3975.48,755.34,79.51,USD,4810.33,NT60,5000000005
INV-2026-00006,0000700006,Alpenrose Logistics AS,4500000006,00010,2026-01-21,2026-01-22,24.0,549.29,13182.96,2504.76,120.0,USD,15807.72,NT30,5000000006
INV-2026-00007,0000700007,Silverline Components SA,4500000007,00010,2026-02-16,2026-02-17,25.0,528.69,13217.25,2511.28,120.0,EUR,15848.53,NT30,5000000007
INV-2026-00008,0000700008,Bramble Technologies Oy,4500000008,00010,2026-02-15,2026-02-16,31.0,418.16,12962.96,2462.96,120.0,EUR,15545.92,NT30,5000000008
INV-2026-00009,0000700009,Cobalt Systems Inc,4500000009,00010,2026-02-24,2026-02-25,2.0,207.25,414.5,78.75,8.29,EUR,501.54,NT60,5000000009
INV-2026-00010,0000700010,Driftwood Industrie GmbH,4500000010,00010,2026-05-28,2026-05-29,8.0,218.33,1746.64,331.86,34.93,EUR,2113.43,NT60,5000000010
INV-2026-00011,0000700011,Ember Materials SpA,4500000011,00010,2026-05-27,2026-05-28,17.0,44.93,763.81,145.12,15.28,GBP,924.21,NT45,5000000011
INV-2026-00012,0000700012,Fairmont Systems Inc,4500000012,00010,2026-01-27,2026-01-28,55.0,51.71,2844.05,540.37,56.88,EUR,3441.3,NT45,5000000012
INV-2026-00013,0000700013,Granite Trading BV,4500000013,00010,2026-04-01,2026-04-02,42.0,209.63,8804.46,1672.85,120.0,EUR,10597.31,NT45,5000000013
INV-2026-00014,0000700014,Harbourview Components SA,4500000014,00010,2026-03-13,2026-03-14,21.0,504.95,10603.95,2014.75,120.0,EUR,12738.7,NT30,5000000014
INV-2026-00015,0000700015,Ironwood Supply Ltd,4500000015,00010,2026-04-30,2026-05-01,58.0,435.34,25249.72,4797.45,120.0,EUR,30167.17,NT60,5000000015
INV-2026-00016,0000700016,Juniper Technologies Oy,4500000016,00010,2026-05-23,2026-05-24,50.0,349.92,17496.0,3324.24,120.0,USD,20940.24,NT30,5000000016
INV-2026-00017,0000700017,Larkspur Manufacturing AG,4500000017,00010,2026-04-10,2026-04-11,57.0,146.13,8329.41,1582.59,120.0,GBP,10032.0,NT45,5000000017
INV-2026-00018,0000700018,Meridian Logistics AS,4500000018,00010,2026-03-29,2026-03-30,26.0,107.81,2803.06,532.58,56.06,USD,3391.7,NT45,5000000018
INV-2026-00019,0000700019,Northgate Industrie GmbH,4500000019,00010,2026-03-11,2026-03-12,35.0,82.36,2882.6,547.69,57.65,USD,3487.94,NT60,5000000019
INV-2026-00020,0000700020,Orchard Components SA,4500000020,00010,2026-02-15,2026-02-16,18.0,140.92,2536.56,481.95,50.73,EUR,3069.24,NT30,5000000020
INV-2026-00021,0000700021,Pinnacle Manufacturing AG,4500000021,00010,2026-06-06,2026-06-07,39.0,501.4,19554.6,3715.37,120.0,EUR,23389.97,NT45,5000000021
INV-2026-00022,0000700022,Quarry Materials SpA,4500000022,00010,2026-03-29,2026-03-30,47.0,320.6,15068.2,2862.96,120.0,EUR,18051.16,NT45,5000000022
INV-2026-00023,0000700023,Redstone Industrie GmbH,4500000023,00010,2026-02-23,2026-02-24,2.0,430.12,860.24,163.45,17.2,GBP,1040.89,NT60,5000000023
INV-2026-00024,0000700024,Summit Manufacturing AG,4500000024,00010,2026-03-21,2026-03-22,13.0,211.1,2744.3,521.42,54.89,USD,3320.61,NT60,5000000024
INV-2026-00025,0000700025,Thornbury Components SA,4500000025,00010,2026-02-07,2026-02-08,48.0,110.19,5289.12,1004.93,105.78,GBP,6399.83,NT30,5000000025
INV-2026-00026,0000700026,Umbra Systems Inc,4500000026,00010,2026-01-24,2026-01-25,7.0,513.51,3594.57,682.97,71.89,EUR,4349.43,NT30,5000000026
INV-2026-00027,0000700027,Valemont Manufacturing AG,4500000027,00010,2026-02-22,2026-02-23,26.0,477.37,12411.62,2358.21,120.0,GBP,14889.83,NT60,5000000027
INV-2026-00028,0000700028,Westford Trading BV,4500000028,00010,2026-05-25,2026-05-26,2.0,104.61,209.22,39.75,4.18,EUR,253.15,NT30,5000000028
INV-2026-00029,0000700029,Yarrow Supply Ltd,4500000029,00010,2026-05-03,2026-05-04,54.0,444.14,23983.56,4556.88,120.0,GBP,28660.44,NT30,5000000029
INV-2026-00030,0000700030,Zenith Materials SpA,4500000030,00010,2026-04-05,2026-04-06,47.0,351.48,16519.56,3138.72,120.0,EUR,19778.28,NT60,5000000030
INV-2026-00031,0000700001,Nordwind Industrie GmbH,4500000031,00010,2026-04-15,2026-04-16,46.0,92.23,4242.58,806.09,84.85,GBP,5133.52,NT30,5000000031
INV-2026-00032,0000700002,Bluepeak Manufacturing AG,4500000032,00010,2026-02-13,2026-02-14,34.0,401.12,13638.08,2591.24,120.0,USD,16349.32,NT45,5000000032
INV-2026-00033,0000700003,Vertex Trading BV,4500000033,00010,2026-05-16,2026-05-17,17.0,470.93,8005.81,1521.1,120.0,GBP,9646.91,NT30,5000000033
INV-2026-00034,0000700004,Ravenna Trading BV,4500000034,00010,2026-04-09,2026-04-10,37.0,111.1,4110.7,781.03,82.21,EUR,4973.94,NT60,5000000034
INV-2026-00035,0000700005,Kestrel Supply Ltd,4500000035,00010,2026-02-11,2026-02-12,9.0,79.75,717.75,136.37,14.36,EUR,868.48,NT30,5000000035
INV-2026-00036,0000700006,Alpenrose Logistics AS,4500000036,00010,2026-02-17,2026-02-18,14.0,594.47,8322.58,1581.29,120.0,EUR,10023.87,NT45,5000000036
INV-2026-00037,0000700007,Silverline Components SA,4500000037,00010,2026-03-07,2026-03-08,24.0,555.49,13331.76,2533.03,120.0,USD,15984.79,NT45,5000000037
INV-2026-00038,0000700008,Bramble Technologies Oy,4500000038,00010,2026-04-03,2026-04-04,16.0,140.08,2241.28,425.84,44.83,EUR,2711.95,NT45,5000000038
INV-2026-00039,0000700009,Cobalt Systems Inc,4500000039,00010,2026-05-18,2026-05-19,47.0,172.17,8091.99,1537.48,120.0,EUR,9749.47,NT60,5000000039
INV-2026-00040,0000700010,Driftwood Industrie GmbH,4500000040,00010,2026-04-10,2026-04-11,51.0,463.87,23657.37,4494.9,120.0,EUR,28272.27,NT60,5000000040
INV-2026-00041,0000700011,Ember Materials SpA,4500000041,00010,2026-03-28,2026-03-29,58.0,199.73,11584.34,2201.02,120.0,EUR,13905.36,NT30,5000000041
INV-2026-00042,0000700012,Fairmont Systems Inc,4500000042,00010,2026-01-21,2026-01-22,34.0,208.78,7098.52,1348.72,120.0,EUR,8567.24,NT30,5000000042
INV-2026-00043,0000700013,Granite Trading BV,4500000043,00010,2026-03-09,2026-03-10,41.0,99.21,4067.61,772.85,81.35,GBP,4921.81,NT60,5000000043
INV-2026-00044,0000700014,Harbourview Components SA,4500000044,00010,2026-01-17,2026-01-18,35.0,87.41,3059.35,581.28,61.19,GBP,3701.82,NT45,5000000044
INV-2026-00045,0000700015,Ironwood Supply Ltd,4500000045,00010,2026-04-25,2026-04-26,35.0,498.42,17444.7,3314.49,120.0,EUR,20879.19,NT30,5000000045
INV-2026-00046,0000700016,Juniper Technologies Oy,4500000046,00010,2026-03-08,2026-03-09,54.0,506.36,27343.44,5195.25,120.0,EUR,32658.69,NT60,5000000046
INV-2026-00047,0000700017,Larkspur Manufacturing AG,4500000047,00010,2026-04-02,2026-04-03,19.0,170.14,3232.66,614.21,64.65,EUR,3911.52,NT45,5000000047
INV-2026-00048,0000700018,Meridian Logistics AS,4500000048,00010,2026-04-03,2026-04-04,5.0,410.7,2053.5,390.17,41.07,EUR,2484.74,NT30,5000000048
INV-2026-00049,0000700019,Northgate Industrie GmbH,4500000049,00010,2026-04-16,2026-04-17,47.0,498.81,23444.07,4454.37,120.0,USD,28018.44,NT30,5000000049
INV-2026-00050,0000700020,Orchard Components SA,4500000050,00010,2026-04-02,2026-04-03,10.0,571.93,5719.3,1086.67,114.39,EUR,6920.36,NT45,5000000050
INV-2026-00051,0000700021,Pinnacle Manufacturing AG,4500000051,00010,2026-01-16,2026-01-17,28.0,148.9,4169.2,792.15,83.38,EUR,5044.73,NT45,5000000051
INV-2026-00052,0000700022,Quarry Materials SpA,4500000052,00010,2026-03-13,2026-03-14,48.0,138.47,6646.56,1262.85,120.0,EUR,8029.41,NT60,5000000052
INV-2026-00053,0000700023,Redstone Industrie GmbH,4500000053,00010,2026-03-16,2026-03-17,14.0,368.15,5154.1,979.28,103.08,EUR,6236.46,NT30,5000000053
INV-2026-00054,0000700024,Summit Manufacturing AG,4500000054,00010,2026-04-09,2026-04-10,44.0,334.19,14704.36,2793.83,120.0,EUR,17618.19,NT30,5000000054
INV-2026-00055,0000700025,Thornbury Components SA,4500000055,00010,2026-01-28,2026-01-29,12.0,153.99,1847.88,351.1,36.96,USD,2235.94,NT45,5000000055
INV-2026-00056,0000700026,Umbra Systems Inc,4500000056,00010,2026-02-13,2026-02-14,3.0,371.29,1113.87,211.64,22.28,EUR,1347.79,NT45,5000000056
INV-2026-00057,0000700027,Valemont Manufacturing AG,4500000057,00010,2026-03-28,2026-03-29,6.0,45.87,275.22,52.29,5.5,USD,333.01,NT60,5000000057
INV-2026-00058,0000700028,Westford Trading BV,4500000058,00010,2026-01-17,2026-01-18,59.0,496.11,29270.49,5561.39,120.0,USD,34951.88,NT30,5000000058
INV-2026-00059,0000700029,Yarrow Supply Ltd,4500000059,00010,2026-02-01,2026-02-02,18.0,305.56,5500.08,1045.02,110.0,EUR,6655.1,NT60,5000000059
INV-2026-00060,0000700030,Zenith Materials SpA,4500000060,00010,2026-02-27,2026-02-28,47.0,91.87,4317.89,820.4,86.36,EUR,5224.65,NT45,5000000060
INV-2026-00061,0000700001,Nordwind Industrie GmbH,4500000061,00010,2026-04-23,2026-04-24,41.0,479.94,19677.54,3738.73,120.0,EUR,23536.27,NT45,5000000061
INV-2026-00062,0000700002,Bluepeak Manufacturing AG,4500000062,00010,2026-03-10,2026-03-11,55.0,173.17,9524.35,1809.63,120.0,EUR,11453.98,NT60,5000000062
INV-2026-00063,0000700003,Vertex Trading BV,4500000063,00010,2026-04-19,2026-04-20,60.0,192.24,11534.4,2191.54,120.0,GBP,13845.94,NT45,5000000063
INV-2026-00064,0000700004,Ravenna Trading BV,4500000064,00010,2026-05-16,2026-05-17,2.0,570.28,1140.56,216.71,22.81,USD,1380.08,NT45,5000000064
INV-2026-00065,0000700005,Kestrel Supply Ltd,4500000065,00010,2026-04-28,2026-04-29,4.0,382.22,1528.88,290.49,30.58,EUR,1849.95,NT30,5000000065
INV-2026-00066,0000700006,Alpenrose Logistics AS,4500000066,00010,2026-02-19,2026-02-20,51.0,292.47,14915.97,2834.03,120.0,USD,17870.0,NT60,5000000066
INV-2026-00067,0000700007,Silverline Components SA,4500000067,00010,2026-04-27,2026-04-28,36.0,428.02,15408.72,2927.66,120.0,USD,18456.38,NT45,5000000067
INV-2026-00068,0000700008,Bramble Technologies Oy,4500000068,00010,2026-02-02,2026-02-03,32.0,67.64,2164.48,411.25,43.29,GBP,2619.02,NT45,5000000068
INV-2026-00069,0000700009,Cobalt Systems Inc,4500000069,00010,2026-05-19,2026-05-20,51.0,154.74,7891.74,1499.43,120.0,EUR,9511.17,NT30,5000000069
INV-2026-00070,0000700010,Driftwood Industrie GmbH,4500000070,00010,2026-04-19,2026-04-20,2.0,168.93,337.86,64.19,6.76,EUR,408.81,NT30,5000000070
INV-2026-00071,0000700011,Ember Materials SpA,4500000071,00010,2026-05-18,2026-05-19,46.0,171.37,7883.02,1497.77,120.0,EUR,9500.79,NT45,5000000071
INV-2026-00072,0000700012,Fairmont Systems Inc,4500000072,00010,2026-05-09,2026-05-10,60.0,77.17,4630.2,879.74,92.6,USD,5602.54,NT45,5000000072
INV-2026-00073,0000700013,Granite Trading BV,4500000073,00010,2026-04-05,2026-04-06,49.0,568.05,27834.45,5288.55,120.0,EUR,33243.0,NT45,5000000073
INV-2026-00074,0000700014,Harbourview Components SA,4500000074,00010,2026-01-28,2026-01-29,37.0,561.91,20790.67,3950.23,120.0,EUR,24860.9,NT60,5000000074
INV-2026-00075,0000700015,Ironwood Supply Ltd,4500000075,00010,2026-03-29,2026-03-30,54.0,161.69,8731.26,1658.94,120.0,USD,10510.2,NT60,5000000075
INV-2026-00076,0000700016,Juniper Technologies Oy,4500000076,00010,2026-04-16,2026-04-17,52.0,150.38,7819.76,1485.75,120.0,EUR,9425.51,NT60,5000000076
INV-2026-00077,0000700017,Larkspur Manufacturing AG,4500000077,00010,2026-02-13,2026-02-14,57.0,437.61,24943.77,4739.32,120.0,EUR,29803.09,NT45,5000000077
INV-2026-00078,0000700018,Meridian Logistics AS,4500000078,00010,2026-05-17,2026-05-18,36.0,163.99,5903.64,1121.69,118.07,EUR,7143.4,NT60,5000000078
INV-2026-00079,0000700019,Northgate Industrie GmbH,4500000079,00010,2026-04-30,2026-05-01,11.0,245.74,2703.14,513.6,54.06,EUR,3270.8,NT60,5000000079
INV-2026-00080,0000700020,Orchard Components SA,4500000080,00010,2026-05-06,2026-05-07,39.0,340.43,13276.77,2522.59,120.0,EUR,15919.36,NT45,5000000080
INV-2026-00081,0000700021,Pinnacle Manufacturing AG,4500000081,00010,2026-05-24,2026-05-25,46.0,526.25,24207.5,4599.43,120.0,EUR,28926.93,NT60,5000000081
INV-2026-00082,0000700022,Quarry Materials SpA,4500000082,00010,2026-02-01,2026-02-02,38.0,479.65,18226.7,3463.07,120.0,GBP,21809.77,NT45,5000000082
INV-2026-00083,0000700023,Redstone Industrie GmbH,4500000083,00010,2026-02-13,2026-02-14,51.0,498.18,25407.18,4827.36,120.0,EUR,30354.54,NT30,5000000083
INV-2026-00084,0000700024,Summit Manufacturing AG,4500000084,00010,2026-05-09,2026-05-10,5.0,74.07,370.35,70.37,7.41,GBP,448.13,NT60,5000000084
INV-2026-00085,0000700025,Thornbury Components SA,4500000085,00010,2026-04-23,2026-04-24,5.0,79.15,395.75,75.19,7.92,EUR,478.86,NT45,5000000085
INV-2026-00086,0000700026,Umbra Systems Inc,4500000086,00010,2026-04-01,2026-04-02,31.0,478.58,14835.98,2818.84,120.0,GBP,17774.82,NT45,5000000086
INV-2026-00087,0000700027,Valemont Manufacturing AG,4500000087,00010,2026-02-23,2026-02-24,58.0,236.28,13704.24,2603.81,120.0,EUR,16428.05,NT45,5000000087
INV-2026-00088,0000700028,Westford Trading BV,4500000088,00010,2026-04-13,2026-04-14,13.0,267.34,3475.42,660.33,69.51,EUR,4205.26,NT30,5000000088
INV-2026-00089,0000700029,Yarrow Supply Ltd,4500000089,00010,2026-01-25,2026-01-26,20.0,342.73,6854.6,1302.37,120.0,USD,8276.97,NT30,5000000089
INV-2026-00090,0000700030,Zenith Materials SpA,4500000090,00010,2026-05-03,2026-05-04,36.0,283.31,10199.16,1937.84,120.0,EUR,12257.0,NT45,5000000090
INV-2026-00091,0000700001,Nordwind Industrie GmbH,4500000091,00010,2026-03-05,2026-03-06,40.0,312.35,12494.0,2373.86,120.0,EUR,14987.86,NT60,5000000091
INV-2026-00092,0000700002,Bluepeak Manufacturing AG,4500000092,00010,2026-03-12,2026-03-13,46.0,478.92,22030.32,4185.76,120.0,EUR,26336.08,NT60,5000000092
INV-2026-00093,0000700003,Vertex Trading BV,4500000093,00010,2026-04-30,2026-05-01,12.0,334.55,4014.6,762.77,80.29,USD,4857.66,NT60,5000000093
INV-2026-00094,0000700004,Ravenna Trading BV,4500000094,00010,2026-01-26,2026-01-27,43.0,163.22,7018.46,1333.51,120.0,EUR,8471.97,NT30,5000000094
INV-2026-00095,0000700005,Kestrel Supply Ltd,4500000095,00010,2026-02-02,2026-02-03,46.0,332.06,15274.76,2902.2,120.0,EUR,18296.96,NT60,5000000095
INV-2026-00096,0000700006,Alpenrose Logistics AS,4500000096,00010,2026-04-26,2026-04-27,24.0,155.17,3724.08,707.58,74.48,USD,4506.14,NT30,5000000096
INV-2026-00097,0000700007,Silverline Components SA,4500000097,00010,2026-04-21,2026-04-22,7.0,561.07,3927.49,746.22,78.55,EUR,4752.26,NT30,5000000097
INV-2026-00098,0000700008,Bramble Technologies Oy,4500000098,00010,2026-03-04,2026-03-05,3.0,585.86,1757.58,333.94,35.15,EUR,2126.67,NT45,5000000098
INV-2026-00099,0000700009,Cobalt Systems Inc,4500000099,00010,2026-01-20,2026-01-21,34.0,229.06,7788.04,1479.73,120.0,USD,9387.77,NT30,5000000099
INV-2026-00100,0000700010,Driftwood Industrie GmbH,4500000100,00010,2026-01-31,2026-02-01,20.0,474.21,9484.2,1802.0,120.0,EUR,11406.2,NT30,5000000100
INV-2026-00101,0000700011,Ember Materials SpA,4500000101,00010,2026-02-16,2026-02-17,44.0,527.52,23210.88,4410.07,120.0,USD,27740.95,NT45,5000000101
INV-2026-00102,0000700012,Fairmont Systems Inc,4500000102,00010,2026-05-16,2026-05-17,5.0,535.79,2678.95,509.0,53.58,EUR,3241.53,NT30,5000000102
INV-2026-00103,0000700013,Granite Trading BV,4500000103,00010,2026-02-15,2026-02-16,43.0,86.67,3726.81,708.09,74.54,EUR,4509.44,NT45,5000000103
INV-2026-00104,0000700014,Harbourview Components SA,4500000104,00010,2026-04-22,2026-04-23,60.0,134.02,8041.2,1527.83,120.0,USD,9689.03,NT60,5000000104
INV-2026-00105,0000700015,Ironwood Supply Ltd,4500000105,00010,2026-01-21,2026-01-22,14.0,217.7,3047.8,579.08,60.96,GBP,3687.84,NT45,5000000105
INV-2026-00106,0000700016,Juniper Technologies Oy,4500000106,00010,2026-03-23,2026-03-24,47.0,311.8,14654.6,2784.37,120.0,EUR,17558.97,NT60,5000000106
INV-2026-00107,0000700017,Larkspur Manufacturing AG,4500000107,00010,2026-02-21,2026-02-22,26.0,557.17,14486.42,2752.42,120.0,EUR,17358.84,NT60,5000000107
INV-2026-00108,0000700018,Meridian Logistics AS,4500000108,00010,2026-03-23,2026-03-24,42.0,146.93,6171.06,1172.5,120.0,USD,7463.56,NT45,5000000108
INV-2026-00109,0000700019,Northgate Industrie GmbH,4500000109,00010,2026-05-03,2026-05-04,13.0,320.34,4164.42,791.24,83.29,GBP,5038.95,NT30,5000000109
INV-2026-00110,0000700020,Orchard Components SA,4500000110,00010,2026-03-09,2026-03-10,22.0,327.64,7208.08,1369.54,120.0,EUR,8697.62,NT60,5000000110
INV-2026-00111,0000700021,Pinnacle Manufacturing AG,4500000111,00010,2026-04-13,2026-04-14,56.0,488.74,27369.44,5200.19,120.0,USD,32689.63,NT45,5000000111
INV-2026-00112,0000700022,Quarry Materials SpA,4500000112,00010,2026-04-23,2026-04-24,12.0,362.89,4354.68,827.39,87.09,GBP,5269.16,NT60,5000000112
INV-2026-00113,0000700023,Redstone Industrie GmbH,4500000113,00010,2026-01-19,2026-01-20,28.0,43.4,1215.2,230.89,24.3,USD,1470.39,NT30,5000000113
INV-2026-00114,0000700024,Summit Manufacturing AG,4500000114,00010,2026-05-19,2026-05-20,39.0,319.4,12456.6,2366.75,120.0,USD,14943.35,NT30,5000000114
INV-2026-00115,0000700025,Thornbury Components SA,4500000115,00010,2026-05-26,2026-05-27,45.0,80.65,3629.25,689.56,72.59,EUR,4391.4,NT45,5000000115
INV-2026-00116,0000700026,Umbra Systems Inc,4500000116,00010,2026-02-23,2026-02-24,49.0,523.67,25659.83,4875.37,120.0,USD,30655.2,NT60,5000000116
INV-2026-00117,0000700027,Valemont Manufacturing AG,4500000117,00010,2026-05-01,2026-05-02,8.0,472.73,3781.84,718.55,75.64,USD,4576.03,NT60,5000000117
INV-2026-00118,0000700028,Westford Trading BV,4500000118,00010,2026-05-16,2026-05-17,7.0,199.11,1393.77,264.82,27.88,EUR,1686.47,NT60,5000000118
INV-2026-00119,0000700029,Yarrow Supply Ltd,4500000119,00010,2026-02-04,2026-02-05,51.0,574.6,29304.6,5567.87,120.0,EUR,34992.47,NT30,5000000119
INV-2026-00120,0000700030,Zenith Materials SpA,4500000120,00010,2026-04-03,2026-04-04,7.0,434.06,3038.42,577.3,60.77,USD,3676.49,NT45,5000000120
INV-2026-00121,0000700001,Nordwind Industrie GmbH,4500000121,00010,2026-02-17,2026-02-18,3.0,284.8,854.4,162.34,17.09,EUR,1033.83,NT45,5000000121
INV-2026-00122,0000700002,Bluepeak Manufacturing AG,4500000122,00010,2026-05-29,2026-05-30,33.0,148.15,4888.95,928.9,97.78,USD,5915.63,NT60,5000000122
INV-2026-00123,0000700003,Vertex Trading BV,4500000123,00010,2026-05-29,2026-05-30,11.0,431.28,4744.08,901.38,94.88,EUR,5740.34,NT30,5000000123
INV-2026-00124,0000700004,Ravenna Trading BV,4500000124,00010,2026-04-19,2026-04-20,40.0,350.79,14031.6,2666.0,120.0,EUR,16817.6,NT30,5000000124
INV-2026-00125,0000700005,Kestrel Supply Ltd,4500000125,00010,2026-02-27,2026-02-28,37.0,468.52,17335.24,3293.7,120.0,EUR,20748.94,NT45,5000000125
INV-2026-00126,0000700006,Alpenrose Logistics AS,4500000126,00010,2026-05-09,2026-05-10,17.0,448.94,7631.98,1450.08,120.0,GBP,9202.06,NT30,5000000126
INV-2026-00127,0000700007,Silverline Components SA,4500000127,00010,2026-03-11,2026-03-12,52.0,397.93,20692.36,3931.55,120.0,USD,24743.91,NT45,5000000127
INV-2026-00128,0000700008,Bramble Technologies Oy,4500000128,00010,2026-04-25,2026-04-26,58.0,42.88,2487.04,472.54,49.74,GBP,3009.32,NT60,5000000128
INV-2026-00129,0000700009,Cobalt Systems Inc,4500000129,00010,2026-03-10,2026-03-11,16.0,517.44,8279.04,1573.02,120.0,GBP,9972.06,NT30,5000000129
INV-2026-00130,0000700010,Driftwood Industrie GmbH,4500000130,00010,2026-04-21,2026-04-22,46.0,424.5,19527.0,3710.13,120.0,EUR,23357.13,NT30,5000000130
INV-2026-00131,0000700011,Ember Materials SpA,4500000131,00010,2026-06-06,2026-06-07,1.0,126.68,126.68,24.07,2.53,EUR,153.28,NT60,5000000131
INV-2026-00132,0000700012,Fairmont Systems Inc,4500000132,00010,2026-04-27,2026-04-28,14.0,594.73,8326.22,1581.98,120.0,GBP,10028.2,NT60,5000000132
INV-2026-00133,0000700013,Granite Trading BV,4500000133,00010,2026-05-09,2026-05-10,5.0,68.91,344.55,65.46,6.89,USD,416.9,NT30,5000000133
INV-2026-00134,0000700014,Harbourview Components SA,4500000134,00010,2026-04-29,2026-04-30,10.0,472.09,4720.9,896.97,94.42,EUR,5712.29,NT30,5000000134
INV-2026-00135,0000700015,Ironwood Supply Ltd,4500000135,00010,2026-03-16,2026-03-17,51.0,251.44,12823.44,2436.45,120.0,EUR,15379.89,NT45,5000000135
INV-2026-00136,0000700016,Juniper Technologies Oy,4500000136,00010,2026-04-19,2026-04-20,36.0,230.56,8300.16,1577.03,120.0,EUR,9997.19,NT30,5000000136
INV-2026-00137,0000700017,Larkspur Manufacturing AG,4500000137,00010,2026-02-10,2026-02-11,17.0,456.5,7760.5,1474.5,120.0,USD,9355.0,NT45,5000000137
INV-2026-00138,0000700018,Meridian Logistics AS,4500000138,00010,2026-04-27,2026-04-28,44.0,600.39,26417.16,5019.26,120.0,EUR,31556.42,NT60,5000000138
INV-2026-00139,0000700019,Northgate Industrie GmbH,4500000139,00010,2026-01-26,2026-01-27,18.0,112.8,2030.4,385.78,40.61,EUR,2456.79,NT45,5000000139
INV-2026-00140,0000700020,Orchard Components SA,4500000140,00010,2026-04-08,2026-04-09,24.0,558.92,13414.08,2548.68,120.0,EUR,16082.76,NT30,5000000140
INV-2026-00141,0000700021,Pinnacle Manufacturing AG,4500000141,00010,2026-02-08,2026-02-09,27.0,248.45,6708.15,1274.55,120.0,EUR,8102.7,NT45,5000000141
INV-2026-00142,0000700022,Quarry Materials SpA,4500000142,00010,2026-02-01,2026-02-02,12.0,384.87,4618.44,877.5,92.37,EUR,5588.31,NT30,5000000142
INV-2026-00143,0000700023,Redstone Industrie GmbH,4500000143,00010,2026-02-25,2026-02-26,26.0,449.76,11693.76,2221.81,120.0,GBP,14035.57,NT60,5000000143
INV-2026-00144,0000700024,Summit Manufacturing AG,4500000144,00010,2026-04-28,2026-04-29,36.0,172.89,6224.04,1182.57,120.0,GBP,7526.61,NT30,5000000144
INV-2026-00145,0000700025,Thornbury Components SA,4500000145,00010,2026-04-21,2026-04-22,55.0,527.29,29000.95,5510.18,120.0,EUR,34631.13,NT60,5000000145
INV-2026-00146,0000700026,Umbra Systems Inc,4500000146,00010,2026-04-25,2026-04-26,9.0,79.55,715.95,136.03,14.32,EUR,866.3,NT60,5000000146
INV-2026-00147,0000700027,Valemont Manufacturing AG,4500000147,00010,2026-04-11,2026-04-12,57.0,152.32,8682.24,1649.63,120.0,EUR,10451.87,NT60,5000000147
INV-2026-00148,0000700028,Westford Trading BV,4500000148,00010,2026-03-12,2026-03-13,32.0,423.68,13557.76,2575.97,120.0,EUR,16253.73,NT60,5000000148
INV-2026-00149,0000700029,Yarrow Supply Ltd,4500000149,00010,2026-03-29,2026-03-30,42.0,100.11,4204.62,798.88,84.09,EUR,5087.59,NT30,5000000149
INV-2026-00150,0000700030,Zenith Materials SpA,4500000150,00010,2026-01-15,2026-01-16,8.0,262.83,2102.64,399.5,42.05,EUR,2544.19,NT30,5000000150
INV-2026-00151,0000700001,Nordwind Industrie GmbH,4500000151,00010,2026-05-09,2026-05-10,36.0,344.21,12391.56,2354.4,120.0,EUR,14865.96,NT45,5000000151
INV-2026-00152,0000700002,Bluepeak Manufacturing AG,4500000152,00010,2026-04-10,2026-04-11,21.0,191.77,4027.17,765.16,80.54,GBP,4872.87,NT45,5000000152
INV-2026-00153,0000700003,Vertex Trading BV,4500000153,00010,2026-02-17,2026-02-18,34.0,134.72,4580.48,870.29,91.61,EUR,5542.38,NT60,5000000153
INV-2026-00154,0000700004,Ravenna Trading BV,4500000154,00010,2026-04-04,2026-04-05,13.0,153.57,1996.41,379.32,39.93,USD,2415.66,NT45,5000000154
INV-2026-00155,0000700005,Kestrel Supply Ltd,4500000155,00010,2026-02-07,2026-02-08,23.0,582.16,13389.68,2544.04,120.0,EUR,16053.72,NT30,5000000155
INV-2026-00156,0000700006,Alpenrose Logistics AS,4500000156,00010,2026-03-01,2026-03-02,55.0,287.2,15796.0,3001.24,120.0,EUR,18917.24,NT30,5000000156
INV-2026-00157,0000700007,Silverline Components SA,4500000157,00010,2026-03-28,2026-03-29,54.0,483.87,26128.98,4964.51,120.0,GBP,31213.49,NT60,5000000157
INV-2026-00158,0000700008,Bramble Technologies Oy,4500000158,00010,2026-01-31,2026-02-01,32.0,172.74,5527.68,1050.26,110.55,EUR,6688.49,NT45,5000000158
INV-2026-00159,0000700009,Cobalt Systems Inc,4500000159,00010,2026-02-28,2026-03-01,9.0,545.18,4906.62,932.26,98.13,EUR,5937.01,NT60,5000000159
INV-2026-00160,0000700010,Driftwood Industrie GmbH,4500000160,00010,2026-01-25,2026-01-26,38.0,82.03,3117.14,592.26,62.34,EUR,3771.74,NT60,5000000160
INV-2026-00161,0000700011,Ember Materials SpA,4500000161,00010,2026-05-02,2026-05-03,10.0,129.55,1295.5,246.15,25.91,EUR,1567.56,NT30,5000000161
INV-2026-00162,0000700012,Fairmont Systems Inc,4500000162,00010,2026-03-23,2026-03-24,29.0,478.34,13871.86,2635.65,120.0,GBP,16627.51,NT60,5000000162
INV-2026-00163,0000700013,Granite Trading BV,4500000163,00010,2026-05-16,2026-05-17,36.0,80.71,2905.56,552.06,58.11,USD,3515.73,NT30,5000000163
INV-2026-00164,0000700014,Harbourview Components SA,4500000164,00010,2026-03-16,2026-03-17,57.0,80.29,4576.53,869.54,91.53,EUR,5537.6,NT30,5000000164
INV-2026-00165,0000700015,Ironwood Supply Ltd,4500000165,00010,2026-05-15,2026-05-16,36.0,332.38,11965.68,2273.48,120.0,EUR,14359.16,NT30,5000000165
INV-2026-00166,0000700016,Juniper Technologies Oy,4500000166,00010,2026-05-14,2026-05-15,10.0,476.61,4766.1,905.56,95.32,USD,5766.98,NT30,5000000166
INV-2026-00167,0000700017,Larkspur Manufacturing AG,4500000167,00010,2026-03-11,2026-03-12,11.0,332.08,3652.88,694.05,73.06,EUR,4419.99,NT45,5000000167
INV-2026-00168,0000700018,Meridian Logistics AS,4500000168,00010,2026-03-06,2026-03-07,32.0,337.98,10815.36,2054.92,120.0,EUR,12990.28,NT30,5000000168
INV-2026-00169,0000700019,Northgate Industrie GmbH,4500000169,00010,2026-04-10,2026-04-11,11.0,400.79,4408.69,837.65,88.17,EUR,5334.51,NT60,5000000169
INV-2026-00170,0000700020,Orchard Components SA,4500000170,00010,2026-01-23,2026-01-24,35.0,45.0,1575.0,299.25,31.5,GBP,1905.75,NT45,5000000170
INV-2026-00171,0000700021,Pinnacle Manufacturing AG,4500000171,00010,2026-03-24,2026-03-25,44.0,253.48,11153.12,2119.09,120.0,EUR,13392.21,NT45,5000000171
INV-2026-00172,0000700022,Quarry Materials SpA,4500000172,00010,2026-05-11,2026-05-12,58.0,500.49,29028.42,5515.4,120.0,USD,34663.82,NT60,5000000172
INV-2026-00173,0000700023,Redstone Industrie GmbH,4500000173,00010,2026-05-12,2026-05-13,13.0,189.97,2469.61,469.23,49.39,EUR,2988.23,NT60,5000000173
INV-2026-00174,0000700024,Summit Manufacturing AG,4500000174,00010,2026-05-26,2026-05-27,45.0,175.79,7910.55,1503.0,120.0,EUR,9533.55,NT60,5000000174
INV-2026-00175,0000700025,Thornbury Components SA,4500000175,00010,2026-05-07,2026-05-08,48.0,504.08,24195.84,4597.21,120.0,EUR,28913.05,NT45,5000000175
INV-2026-00176,0000700026,Umbra Systems Inc,4500000176,00010,2026-05-24,2026-05-25,27.0,591.83,15979.41,3036.09,120.0,EUR,19135.5,NT60,5000000176
INV-2026-00177,0000700027,Valemont Manufacturing AG,4500000177,00010,2026-01-25,2026-01-26,43.0,240.0,10320.0,1960.8,120.0,EUR,12400.8,NT30,5000000177
INV-2026-00178,0000700028,Westford Trading BV,4500000178,00010,2026-01-11,2026-01-12,4.0,154.34,617.36,117.3,12.35,EUR,747.01,NT30,5000000178
INV-2026-00179,0000700029,Yarrow Supply Ltd,4500000179,00010,2026-03-29,2026-03-30,60.0,400.97,24058.2,4571.06,120.0,EUR,28749.26,NT30,5000000179
INV-2026-00180,0000700030,Zenith Materials SpA,4500000180,00010,2026-03-25,2026-03-26,48.0,323.76,15540.48,2952.69,120.0,EUR,18613.17,NT60,5000000180
INV-2026-00181,0000700001,Nordwind Industrie GmbH,4500000181,00010,2026-05-27,2026-05-28,41.0,46.99,1926.59,366.05,38.53,EUR,2331.17,NT30,5000000181
INV-2026-00182,0000700002,Bluepeak Manufacturing AG,4500000182,00010,2026-05-02,2026-05-03,12.0,69.95,839.4,159.49,16.79,GBP,1015.68,NT60,5000000182
INV-2026-00183,0000700003,Vertex Trading BV,4500000183,00010,2026-01-19,2026-01-20,58.0,98.46,5710.68,1085.03,114.21,EUR,6909.92,NT45,5000000183
INV-2026-00184,0000700004,Ravenna Trading BV,4500000184,00010,2026-04-03,2026-04-04,41.0,341.88,14017.08,2663.25,120.0,EUR,16800.33,NT60,5000000184
INV-2026-00185,0000700005,Kestrel Supply Ltd,4500000185,00010,2026-02-23,2026-02-24,35.0,379.35,13277.25,2522.68,120.0,EUR,15919.93,NT45,5000000185
INV-2026-00186,0000700006,Alpenrose Logistics AS,4500000186,00010,2026-02-15,2026-02-16,9.0,394.0,3546.0,673.74,70.92,EUR,4290.66,NT45,5000000186
INV-2026-00187,0000700007,Silverline Components SA,4500000187,00010,2026-05-12,2026-05-13,2.0,108.99,217.98,41.42,4.36,GBP,263.76,NT30,5000000187
INV-2026-00188,0000700008,Bramble Technologies Oy,4500000188,00010,2026-02-28,2026-03-01,47.0,304.69,14320.43,2720.88,120.0,USD,17161.31,NT60,5000000188
INV-2026-00189,0000700009,Cobalt Systems Inc,4500000189,00010,2026-03-16,2026-03-17,54.0,582.07,31431.78,5972.04,120.0,EUR,37523.82,NT45,5000000189
INV-2026-00190,0000700010,Driftwood Industrie GmbH,4500000190,00010,2026-05-05,2026-05-06,27.0,69.34,1872.18,355.71,37.44,USD,2265.33,NT30,5000000190
INV-2026-00191,0000700011,Ember Materials SpA,4500000191,00010,2026-03-11,2026-03-12,36.0,382.53,13771.08,2616.51,120.0,EUR,16507.59,NT30,5000000191
INV-2026-00192,0000700012,Fairmont Systems Inc,4500000192,00010,2026-04-11,2026-04-12,53.0,537.14,28468.42,5409.0,120.0,USD,33997.42,NT30,5000000192
INV-2026-00193,0000700013,Granite Trading BV,4500000193,00010,2026-01-25,2026-01-26,17.0,95.09,1616.53,307.14,32.33,GBP,1956.0,NT45,5000000193
INV-2026-00194,0000700014,Harbourview Components SA,4500000194,00010,2026-05-11,2026-05-12,45.0,86.17,3877.65,736.75,77.55,EUR,4691.95,NT30,5000000194
INV-2026-00195,0000700015,Ironwood Supply Ltd,4500000195,00010,2026-03-22,2026-03-23,30.0,550.76,16522.8,3139.33,120.0,EUR,19782.13,NT30,5000000195
INV-2026-00196,0000700016,Juniper Technologies Oy,4500000196,00010,2026-04-23,2026-04-24,39.0,345.33,13467.87,2558.9,120.0,EUR,16146.77,NT30,5000000196
INV-2026-00197,0000700017,Larkspur Manufacturing AG,4500000197,00010,2026-04-12,2026-04-13,5.0,139.6,698.0,132.62,13.96,EUR,844.58,NT60,5000000197
INV-2026-00198,0000700018,Meridian Logistics AS,4500000198,00010,2026-03-24,2026-03-25,59.0,527.74,31136.66,5915.97,120.0,EUR,37172.63,NT60,5000000198
INV-2026-00199,0000700019,Northgate Industrie GmbH,4500000199,00010,2026-04-05,2026-04-06,9.0,243.86,2194.74,417.0,43.89,EUR,2655.63,NT60,5000000199
INV-2026-00200,0000700020,Orchard Components SA,4500000200,00010,2026-04-25,2026-04-26,10.0,422.05,4220.5,801.89,84.41,EUR,5106.8,NT60,5000000200
INV-2026-00201,0000700021,Pinnacle Manufacturing AG,4500000201,00010,2026-02-06,2026-02-07,60.0,358.16,21489.6,4083.02,120.0,EUR,25692.62,NT30,5000000201
INV-2026-00202,0000700022,Quarry Materials SpA,4500000202,00010,2026-05-03,2026-05-04,56.0,152.27,8527.12,1620.15,120.0,EUR,10267.27,NT45,5000000202
INV-2026-00203,0000700023,Redstone Industrie GmbH,4500000203,00010,2026-05-07,2026-05-08,48.0,348.18,16712.64,3175.4,120.0,GBP,20008.04,NT30,5000000203
INV-2026-00204,0000700024,Summit Manufacturing AG,4500000204,00010,2026-02-27,2026-02-28,25.0,544.11,13602.75,2584.52,120.0,USD,16307.27,NT60,5000000204
INV-2026-00205,0000700025,Thornbury Components SA,4500000205,00010,2026-03-13,2026-03-14,50.0,441.61,22080.5,4195.3,120.0,EUR,26395.8,NT30,5000000205
INV-2026-00206,0000700026,Umbra Systems Inc,4500000206,00010,2026-03-14,2026-03-15,33.0,459.01,15147.33,2877.99,120.0,EUR,18145.32,NT30,5000000206
INV-2026-00207,0000700027,Valemont Manufacturing AG,4500000207,00010,2026-05-08,2026-05-09,2.0,323.31,646.62,122.86,12.93,GBP,782.41,NT45,5000000207
INV-2026-00208,0000700028,Westford Trading BV,4500000208,00010,2026-02-18,2026-02-19,24.0,255.84,6140.16,1166.63,120.0,EUR,7426.79,NT30,5000000208
INV-2026-00209,0000700029,Yarrow Supply Ltd,4500000209,00010,2026-05-11,2026-05-12,43.0,390.61,16796.23,3191.28,120.0,USD,20107.51,NT45,5000000209
INV-2026-00210,0000700030,Zenith Materials SpA,4500000210,00010,2026-02-03,2026-02-04,37.0,294.26,10887.62,2068.65,120.0,EUR,13076.27,NT45,5000000210
INV-2026-00211,0000700001,Nordwind Industrie GmbH,4500000211,00010,2026-02-10,2026-02-11,16.0,441.35,7061.6,1341.7,120.0,EUR,8523.3,NT45,5000000211
INV-2026-00212,0000700002,Bluepeak Manufacturing AG,4500000212,00010,2026-01-31,2026-02-01,5.0,300.26,1501.3,285.25,30.03,EUR,1816.58,NT60,5000000212
INV-2026-00213,0000700003,Vertex Trading BV,4500000213,00010,2026-02-01,2026-02-02,13.0,589.33,7661.29,1455.65,120.0,GBP,9236.94,NT60,5000000213
INV-2026-00214,0000700004,Ravenna Trading BV,4500000214,00010,2026-05-01,2026-05-02,1.0,105.28,105.28,20.0,2.11,EUR,127.39,NT60,5000000214
INV-2026-00215,0000700005,Kestrel Supply Ltd,4500000215,00010,2026-02-01,2026-02-02,41.0,313.81,12866.21,2444.58,120.0,EUR,15430.79,NT30,5000000215
INV-2026-00216,0000700006,Alpenrose Logistics AS,4500000216,00010,2026-02-14,2026-02-15,52.0,282.36,14682.72,2789.72,120.0,USD,17592.44,NT45,5000000216
INV-2026-00217,0000700007,Silverline Components SA,4500000217,00010,2026-03-18,2026-03-19,1.0,388.16,388.16,73.75,7.76,USD,469.67,NT60,5000000217
INV-2026-00218,0000700008,Bramble Technologies Oy,4500000218,00010,2026-02-28,2026-03-01,35.0,304.14,10644.9,2022.53,120.0,EUR,12787.43,NT45,5000000218
INV-2026-00219,0000700009,Cobalt Systems Inc,4500000219,00010,2026-03-09,2026-03-10,50.0,455.36,22768.0,4325.92,120.0,EUR,27213.92,NT60,5000000219
INV-2026-00220,0000700010,Driftwood Industrie GmbH,4500000220,00010,2026-02-23,2026-02-24,27.0,91.09,2459.43,467.29,49.19,EUR,2975.91,NT45,5000000220
INV-2026-00221,0000700011,Ember Materials SpA,4500000221,00010,2026-03-08,2026-03-09,45.0,276.53,12443.85,2364.33,120.0,GBP,14928.18,NT60,5000000221
INV-2026-00222,0000700012,Fairmont Systems Inc,4500000222,00010,2026-04-07,2026-04-08,49.0,299.89,14694.61,2791.98,120.0,USD,17606.59,NT30,5000000222
INV-2026-00223,0000700013,Granite Trading BV,4500000223,00010,2026-03-09,2026-03-10,37.0,174.08,6440.96,1223.78,120.0,EUR,7784.74,NT30,5000000223
INV-2026-00224,0000700014,Harbourview Components SA,4500000224,00010,2026-01-30,2026-01-31,26.0,455.84,11851.84,2251.85,120.0,EUR,14223.69,NT45,5000000224
INV-2026-00225,0000700015,Ironwood Supply Ltd,4500000225,00010,2026-02-12,2026-02-13,57.0,220.79,12585.03,2391.16,120.0,GBP,15096.19,NT45,5000000225
INV-2026-00226,0000700016,Juniper Technologies Oy,4500000226,00010,2026-03-26,2026-03-27,28.0,95.22,2666.16,506.57,53.32,GBP,3226.05,NT60,5000000226
INV-2026-00227,0000700017,Larkspur Manufacturing AG,4500000227,00010,2026-02-16,2026-02-17,16.0,55.09,881.44,167.47,17.63,EUR,1066.54,NT45,5000000227
INV-2026-00228,0000700018,Meridian Logistics AS,4500000228,00010,2026-02-22,2026-02-23,10.0,571.98,5719.8,1086.76,114.4,GBP,6920.96,NT45,5000000228
INV-2026-00229,0000700019,Northgate Industrie GmbH,4500000229,00010,2026-04-04,2026-04-05,31.0,146.08,4528.48,860.41,90.57,EUR,5479.46,NT30,5000000229
INV-2026-00230,0000700020,Orchard Components SA,4500000230,00010,2026-02-09,2026-02-10,16.0,148.63,2378.08,451.84,47.56,EUR,2877.48,NT60,5000000230
INV-2026-00231,0000700021,Pinnacle Manufacturing AG,4500000231,00010,2026-02-02,2026-02-03,60.0,191.36,11481.6,2181.5,120.0,USD,13783.1,NT45,5000000231
INV-2026-00232,0000700022,Quarry Materials SpA,4500000232,00010,2026-02-21,2026-02-22,2.0,522.56,1045.12,198.57,20.9,GBP,1264.59,NT45,5000000232
INV-2026-00233,0000700023,Redstone Industrie GmbH,4500000233,00010,2026-02-19,2026-02-20,30.0,544.4,16332.0,3103.08,120.0,USD,19555.08,NT60,5000000233
INV-2026-00234,0000700024,Summit Manufacturing AG,4500000234,00010,2026-04-15,2026-04-16,15.0,116.46,1746.9,331.91,34.94,USD,2113.75,NT30,5000000234
INV-2026-00235,0000700025,Thornbury Components SA,4500000235,00010,2026-03-04,2026-03-05,10.0,234.65,2346.5,445.83,46.93,EUR,2839.26,NT30,5000000235
INV-2026-00236,0000700026,Umbra Systems Inc,4500000236,00010,2026-05-30,2026-05-31,43.0,549.8,23641.4,4491.87,120.0,EUR,28253.27,NT30,5000000236
INV-2026-00237,0000700027,Valemont Manufacturing AG,4500000237,00010,2026-01-23,2026-01-24,45.0,541.78,24380.1,4632.22,120.0,EUR,29132.32,NT60,5000000237
INV-2026-00238,0000700028,Westford Trading BV,4500000238,00010,2026-05-31,2026-06-01,11.0,219.18,2410.98,458.09,48.22,EUR,2917.29,NT30,5000000238
INV-2026-00239,0000700029,Yarrow Supply Ltd,4500000239,00010,2026-04-22,2026-04-23,34.0,68.76,2337.84,444.19,46.76,EUR,2828.79,NT45,5000000239
INV-2026-00240,0000700030,Zenith Materials SpA,4500000240,00010,2026-02-16,2026-02-17,47.0,94.18,4426.46,841.03,88.53,GBP,5356.02,NT45,5000000240
INV-2026-00241,0000700001,Nordwind Industrie GmbH,4500000241,00010,2026-03-05,2026-03-06,15.0,104.87,1573.05,298.88,31.46,EUR,1903.39,NT60,5000000241
INV-2026-00242,0000700002,Bluepeak Manufacturing AG,4500000242,00010,2026-01-16,2026-01-17,18.0,290.88,5235.84,994.81,104.72,EUR,6335.37,NT45,5000000242
INV-2026-00243,0000700003,Vertex Trading BV,4500000243,00010,2026-05-28,2026-05-29,8.0,40.65,325.2,61.79,6.5,EUR,393.49,NT30,5000000243
INV-2026-00244,0000700004,Ravenna Trading BV,4500000244,00010,2026-03-20,2026-03-21,60.0,213.79,12827.4,2437.21,120.0,USD,15384.61,NT45,5000000244
INV-2026-00245,0000700005,Kestrel Supply Ltd,4500000245,00010,2026-01-25,2026-01-26,21.0,517.35,10864.35,2064.23,120.0,GBP,13048.58,NT30,5000000245
INV-2026-00246,0000700006,Alpenrose Logistics AS,4500000246,00010,2026-03-22,2026-03-23,30.0,297.1,8913.0,1693.47,120.0,GBP,10726.47,NT60,5000000246
INV-2026-00247,0000700007,Silverline Components SA,4500000247,00010,2026-04-07,2026-04-08,9.0,254.13,2287.17,434.56,45.74,EUR,2767.47,NT60,5000000247
INV-2026-00248,0000700008,Bramble Technologies Oy,4500000248,00010,2026-03-02,2026-03-03,29.0,270.54,7845.66,1490.68,120.0,GBP,9456.34,NT60,5000000248
INV-2026-00249,0000700009,Cobalt Systems Inc,4500000249,00010,2026-01-20,2026-01-21,24.0,284.08,6817.92,1295.4,120.0,EUR,8233.32,NT45,5000000249
INV-2026-00250,0000700010,Driftwood Industrie GmbH,4500000250,00010,2026-02-21,2026-02-22,8.0,154.01,1232.08,234.1,24.64,EUR,1490.82,NT45,5000000250
INV-2026-00251,0000700011,Ember Materials SpA,4500000251,00010,2026-05-14,2026-05-15,9.0,209.96,1889.64,359.03,37.79,USD,2286.46,NT45,5000000251
INV-2026-00252,0000700012,Fairmont Systems Inc,4500000252,00010,2026-04-07,2026-04-08,41.0,333.93,13691.13,2601.31,120.0,GBP,16412.44,NT60,5000000252
INV-2026-00253,0000700013,Granite Trading BV,4500000253,00010,2026-05-14,2026-05-15,7.0,519.77,3638.39,691.29,72.77,EUR,4402.45,NT60,5000000253
INV-2026-00254,0000700014,Harbourview Components SA,4500000254,00010,2026-03-16,2026-03-17,20.0,157.13,3142.6,597.09,62.85,EUR,3802.54,NT60,5000000254
INV-2026-00255,0000700015,Ironwood Supply Ltd,4500000255,00010,2026-02-19,2026-02-20,47.0,487.59,22916.73,4354.18,120.0,EUR,27390.91,NT60,5000000255
INV-2026-00256,0000700016,Juniper Technologies Oy,4500000256,00010,2026-03-21,2026-03-22,15.0,91.55,1373.25,260.92,27.46,EUR,1661.63,NT45,5000000256
INV-2026-00257,0000700017,Larkspur Manufacturing AG,4500000257,00010,2026-04-27,2026-04-28,37.0,238.84,8837.08,1679.05,120.0,EUR,10636.13,NT30,5000000257
INV-2026-00258,0000700018,Meridian Logistics AS,4500000258,00010,2026-04-04,2026-04-05,5.0,556.88,2784.4,529.04,55.69,EUR,3369.13,NT30,5000000258
INV-2026-00259,0000700019,Northgate Industrie GmbH,4500000259,00010,2026-04-28,2026-04-29,54.0,267.05,14420.7,2739.93,120.0,GBP,17280.63,NT30,5000000259
INV-2026-00260,0000700020,Orchard Components SA,4500000260,00010,2026-02-09,2026-02-10,58.0,355.84,20638.72,3921.36,120.0,EUR,24680.08,NT60,5000000260
INV-2026-00261,0000700021,Pinnacle Manufacturing AG,4500000261,00010,2026-04-14,2026-04-15,7.0,153.16,1072.12,203.7,21.44,EUR,1297.26,NT60,5000000261
INV-2026-00262,0000700022,Quarry Materials SpA,4500000262,00010,2026-02-22,2026-02-23,37.0,127.98,4735.26,899.7,94.71,EUR,5729.67,NT60,5000000262
INV-2026-00263,0000700023,Redstone Industrie GmbH,4500000263,00010,2026-02-21,2026-02-22,1.0,435.75,435.75,82.79,8.71,EUR,527.25,NT30,5000000263
INV-2026-00264,0000700024,Summit Manufacturing AG,4500000264,00010,2026-02-15,2026-02-16,28.0,371.7,10407.6,1977.44,120.0,EUR,12505.04,NT30,5000000264
INV-2026-00265,0000700025,Thornbury Components SA,4500000265,00010,2026-06-06,2026-06-07,38.0,396.84,15079.92,2865.18,120.0,EUR,18065.1,NT45,5000000265
INV-2026-00266,0000700026,Umbra Systems Inc,4500000266,00010,2026-04-28,2026-04-29,2.0,271.55,543.1,103.19,10.86,USD,657.15,NT45,5000000266
INV-2026-00267,0000700027,Valemont Manufacturing AG,4500000267,00010,2026-03-21,2026-03-22,51.0,443.23,22604.73,4294.9,120.0,EUR,27019.63,NT60,5000000267
INV-2026-00268,0000700028,Westford Trading BV,4500000268,00010,2026-03-01,2026-03-02,23.0,364.56,8384.88,1593.13,120.0,GBP,10098.01,NT60,5000000268
INV-2026-00269,0000700029,Yarrow Supply Ltd,4500000269,00010,2026-03-09,2026-03-10,41.0,207.81,8520.21,1618.84,120.0,EUR,10259.05,NT30,5000000269
INV-2026-00270,0000700030,Zenith Materials SpA,4500000270,00010,2026-02-22,2026-02-23,3.0,75.05,225.15,42.78,4.5,EUR,272.43,NT45,5000000270
INV-2026-00271,0000700001,Nordwind Industrie GmbH,4500000271,00010,2026-03-26,2026-03-27,31.0,290.54,9006.74,1711.28,120.0,USD,10838.02,NT60,5000000271
INV-2026-00272,0000700002,Bluepeak Manufacturing AG,4500000272,00010,2026-04-25,2026-04-26,23.0,433.58,9972.34,1894.74,120.0,EUR,11987.08,NT45,5000000272
INV-2026-00273,0000700003,Vertex Trading BV,4500000273,00010,2026-03-21,2026-03-22,10.0,212.05,2120.5,402.89,42.41,USD,2565.8,NT60,5000000273
INV-2026-00274,0000700004,Ravenna Trading BV,4500000274,00010,2026-02-01,2026-02-02,15.0,497.33,7459.95,1417.39,120.0,GBP,8997.34,NT30,5000000274
INV-2026-00275,0000700005,Kestrel Supply Ltd,4500000275,00010,2026-04-29,2026-04-30,28.0,178.53,4998.84,949.78,99.98,EUR,6048.6,NT30,5000000275
INV-2026-00276,0000700006,Alpenrose Logistics AS,4500000276,00010,2026-05-04,2026-05-05,45.0,294.69,13261.05,2519.6,120.0,USD,15900.65,NT30,5000000276
INV-2026-00277,0000700007,Silverline Components SA,4500000277,00010,2026-03-28,2026-03-29,12.0,293.39,3520.68,668.93,70.41,USD,4260.02,NT60,5000000277
INV-2026-00278,0000700008,Bramble Technologies Oy,4500000278,00010,2026-01-18,2026-01-19,4.0,503.28,2013.12,382.49,40.26,EUR,2435.87,NT30,5000000278
INV-2026-00279,0000700009,Cobalt Systems Inc,4500000279,00010,2026-03-26,2026-03-27,55.0,449.86,24742.3,4701.04,120.0,EUR,29563.34,NT60,5000000279
INV-2026-00280,0000700010,Driftwood Industrie GmbH,4500000280,00010,2026-04-22,2026-04-23,9.0,255.51,2299.59,436.92,45.99,EUR,2782.5,NT30,5000000280
INV-2026-00281,0000700011,Ember Materials SpA,4500000281,00010,2026-02-05,2026-02-06,55.0,111.1,6110.5,1161.0,120.0,GBP,7391.5,NT30,5000000281
INV-2026-00282,0000700012,Fairmont Systems Inc,4500000282,00010,2026-02-07,2026-02-08,2.0,399.37,798.74,151.76,15.97,EUR,966.47,NT45,5000000282
INV-2026-00283,0000700013,Granite Trading BV,4500000283,00010,2026-01-23,2026-01-24,60.0,119.87,7192.2,1366.52,120.0,EUR,8678.72,NT60,5000000283
INV-2026-00284,0000700014,Harbourview Components SA,4500000284,00010,2026-01-31,2026-02-01,18.0,563.06,10135.08,1925.67,120.0,EUR,12180.75,NT45,5000000284
INV-2026-00285,0000700015,Ironwood Supply Ltd,4500000285,00010,2026-03-15,2026-03-16,43.0,460.41,19797.63,3761.55,120.0,GBP,23679.18,NT30,5000000285
INV-2026-00286,0000700016,Juniper Technologies Oy,4500000286,00010,2026-03-27,2026-03-28,46.0,99.86,4593.56,872.78,91.87,USD,5558.21,NT60,5000000286
INV-2026-00287,0000700017,Larkspur Manufacturing AG,4500000287,00010,2026-05-15,2026-05-16,38.0,97.94,3721.72,707.13,74.43,EUR,4503.28,NT60,5000000287
INV-2026-00288,0000700018,Meridian Logistics AS,4500000288,00010,2026-04-12,2026-04-13,47.0,590.35,27746.45,5271.83,120.0,GBP,33138.28,NT45,5000000288
INV-2026-00289,0000700019,Northgate Industrie GmbH,4500000289,00010,2026-03-04,2026-03-05,25.0,146.51,3662.75,695.92,73.25,EUR,4431.92,NT45,5000000289
INV-2026-00290,0000700020,Orchard Components SA,4500000290,00010,2026-02-04,2026-02-05,27.0,283.29,7648.83,1453.28,120.0,EUR,9222.11,NT60,5000000290
INV-2026-00291,0000700021,Pinnacle Manufacturing AG,4500000291,00010,2026-04-27,2026-04-28,33.0,418.06,13795.98,2621.24,120.0,EUR,16537.22,NT30,5000000291
INV-2026-00292,0000700022,Quarry Materials SpA,4500000292,00010,2026-03-29,2026-03-30,34.0,467.04,15879.36,3017.08,120.0,USD,19016.44,NT30,5000000292
INV-2026-00293,0000700023,Redstone Industrie GmbH,4500000293,00010,2026-01-26,2026-01-27,46.0,140.69,6471.74,1229.63,120.0,EUR,7821.37,NT45,5000000293
INV-2026-00294,0000700024,Summit Manufacturing AG,4500000294,00010,2026-02-17,2026-02-18,43.0,189.66,8155.38,1549.52,120.0,EUR,9824.9,NT45,5000000294
INV-2026-00295,0000700025,Thornbury Components SA,4500000295,00010,2026-03-09,2026-03-10,1.0,124.9,124.9,23.73,2.5,EUR,151.13,NT60,5000000295
INV-2026-00296,0000700026,Umbra Systems Inc,4500000296,00010,2026-04-24,2026-04-25,17.0,562.25,9558.25,1816.07,120.0,EUR,11494.32,NT45,5000000296
INV-2026-00297,0000700027,Valemont Manufacturing AG,4500000297,00010,2026-05-17,2026-05-18,39.0,146.16,5700.24,1083.05,114.0,USD,6897.29,NT45,5000000297
INV-2026-00298,0000700028,Westford Trading BV,4500000298,00010,2026-02-15,2026-02-16,40.0,413.13,16525.2,3139.79,120.0,EUR,19784.99,NT45,5000000298
INV-2026-00299,0000700029,Yarrow Supply Ltd,4500000299,00010,2026-04-06,2026-04-07,26.0,416.06,10817.56,2055.34,120.0,USD,12992.9,NT60,5000000299
INV-2026-00300,0000700030,Zenith Materials SpA,4500000300,00010,2026-02-26,2026-02-27,6.0,582.3,3493.8,663.82,69.88,USD,4227.5,NT60,5000000300
INV-2026-00301,0000700001,Nordwind Industrie GmbH,4500000301,00010,2026-01-25,2026-01-26,41.0,419.47,17198.27,3267.67,120.0,EUR,20585.94,NT45,5000000301
INV-2026-00302,0000700002,Bluepeak Manufacturing AG,4500000302,00010,2026-01-23,2026-01-24,18.0,494.26,8896.68,1690.37,120.0,USD,10707.05,NT30,5000000302
INV-2026-00303,0000700003,Vertex Trading BV,4500000303,00010,2026-04-29,2026-04-30,32.0,556.02,17792.64,3380.6,120.0,GBP,21293.24,NT45,5000000303
INV-2026-00304,0000700004,Ravenna Trading BV,4500000304,00010,2026-02-04,2026-02-05,25.0,302.49,7562.25,1436.83,120.0,GBP,9119.08,NT45,5000000304
INV-2026-00305,0000700005,Kestrel Supply Ltd,4500000305,00010,2026-01-16,2026-01-17,54.0,506.11,27329.94,5192.69,120.0,EUR,32642.63,NT30,5000000305
INV-2026-00306,0000700006,Alpenrose Logistics AS,4500000306,00010,2026-03-02,2026-03-03,45.0,159.08,7158.6,1360.13,120.0,EUR,8638.73,NT30,5000000306
INV-2026-00307,0000700007,Silverline Components SA,4500000307,00010,2026-03-02,2026-03-03,29.0,385.1,11167.9,2121.9,120.0,USD,13409.8,NT60,5000000307
INV-2026-00308,0000700008,Bramble Technologies Oy,4500000308,00010,2026-05-13,2026-05-14,4.0,391.52,1566.08,297.56,31.32,GBP,1894.96,NT60,5000000308
INV-2026-00309,0000700009,Cobalt Systems Inc,4500000309,00010,2026-04-14,2026-04-15,6.0,521.81,3130.86,594.86,62.62,EUR,3788.34,NT60,5000000309
INV-2026-00310,0000700010,Driftwood Industrie GmbH,4500000310,00010,2026-05-24,2026-05-25,40.0,471.52,18860.8,3583.55,120.0,EUR,22564.35,NT30,5000000310
INV-2026-00311,0000700011,Ember Materials SpA,4500000311,00010,2026-01-30,2026-01-31,27.0,145.92,3939.84,748.57,78.8,EUR,4767.21,NT60,5000000311
INV-2026-00312,0000700012,Fairmont Systems Inc,4500000312,00010,2026-01-18,2026-01-19,42.0,598.71,25145.82,4777.71,120.0,EUR,30043.53,NT30,5000000312
INV-2026-00313,0000700013,Granite Trading BV,4500000313,00010,2026-03-03,2026-03-04,49.0,98.11,4807.39,913.4,96.15,USD,5816.94,NT45,5000000313
INV-2026-00314,0000700014,Harbourview Components SA,4500000314,00010,2026-01-26,2026-01-27,55.0,493.41,27137.55,5156.13,120.0,GBP,32413.68,NT60,5000000314
INV-2026-00315,0000700015,Ironwood Supply Ltd,4500000315,00010,2026-02-11,2026-02-12,46.0,324.83,14942.18,2839.01,120.0,USD,17901.19,NT45,5000000315
INV-2026-00316,0000700016,Juniper Technologies Oy,4500000316,00010,2026-03-02,2026-03-03,50.0,104.29,5214.5,990.75,104.29,EUR,6309.54,NT30,5000000316
INV-2026-00317,0000700017,Larkspur Manufacturing AG,4500000317,00010,2026-04-27,2026-04-28,15.0,183.19,2747.85,522.09,54.96,USD,3324.9,NT45,5000000317
INV-2026-00318,0000700018,Meridian Logistics AS,4500000318,00010,2026-02-07,2026-02-08,26.0,377.72,9820.72,1865.94,120.0,EUR,11806.66,NT60,5000000318
INV-2026-00319,0000700019,Northgate Industrie GmbH,4500000319,00010,2026-04-12,2026-04-13,50.0,403.58,20179.0,3834.01,120.0,USD,24133.01,NT30,5000000319
INV-2026-00320,0000700020,Orchard Components SA,4500000320,00010,2026-02-27,2026-02-28,60.0,41.17,2470.2,469.34,49.4,GBP,2988.94,NT45,5000000320
INV-2026-00321,0000700021,Pinnacle Manufacturing AG,4500000321,00010,2026-03-30,2026-03-31,22.0,419.7,9233.4,1754.35,120.0,EUR,11107.75,NT45,5000000321
INV-2026-00322,0000700022,Quarry Materials SpA,4500000322,00010,2026-03-09,2026-03-10,54.0,521.38,28154.52,5349.36,120.0,EUR,33623.88,NT30,5000000322
INV-2026-00323,0000700023,Redstone Industrie GmbH,4500000323,00010,2026-01-28,2026-01-29,49.0,281.83,13809.67,2623.84,120.0,EUR,16553.51,NT45,5000000323
INV-2026-00324,0000700024,Summit Manufacturing AG,4500000324,00010,2026-02-05,2026-02-06,18.0,149.13,2684.34,510.02,53.69,USD,3248.05,NT60,5000000324
INV-2026-00325,0000700025,Thornbury Components SA,4500000325,00010,2026-05-02,2026-05-03,23.0,377.91,8691.93,1651.47,120.0,EUR,10463.4,NT30,5000000325
INV-2026-00326,0000700026,Umbra Systems Inc,4500000326,00010,2026-04-16,2026-04-17,53.0,204.6,10843.8,2060.32,120.0,EUR,13024.12,NT45,5000000326
INV-2026-00327,0000700027,Valemont Manufacturing AG,4500000327,00010,2026-02-04,2026-02-05,43.0,293.94,12639.42,2401.49,120.0,EUR,15160.91,NT60,5000000327
INV-2026-00328,0000700028,Westford Trading BV,4500000328,00010,2026-04-09,2026-04-10,9.0,572.57,5153.13,979.09,103.06,USD,6235.28,NT60,5000000328
INV-2026-00329,0000700029,Yarrow Supply Ltd,4500000329,00010,2026-04-28,2026-04-29,33.0,251.32,8293.56,1575.78,120.0,USD,9989.34,NT45,5000000329
INV-2026-00330,0000700030,Zenith Materials SpA,4500000330,00010,2026-03-17,2026-03-18,13.0,264.99,3444.87,654.53,68.9,EUR,4168.3,NT60,5000000330
INV-2026-00331,0000700001,Nordwind Industrie GmbH,4500000331,00010,2026-05-03,2026-05-04,25.0,369.02,9225.5,1752.85,120.0,EUR,11098.35,NT30,5000000331
INV-2026-00332,0000700002,Bluepeak Manufacturing AG,4500000332,00010,2026-03-12,2026-03-13,10.0,283.23,2832.3,538.14,56.65,EUR,3427.09,NT30,5000000332
INV-2026-00333,0000700003,Vertex Trading BV,4500000333,00010,2026-01-09,2026-01-10,27.0,172.68,4662.36,885.85,93.25,EUR,5641.46,NT30,5000000333
INV-2026-00334,0000700004,Ravenna Trading BV,4500000334,00010,2026-01-20,2026-01-21,34.0,204.15,6941.1,1318.81,120.0,EUR,8379.91,NT45,5000000334
INV-2026-00335,0000700005,Kestrel Supply Ltd,4500000335,00010,2026-02-20,2026-02-21,32.0,94.61,3027.52,575.23,60.55,EUR,3663.3,NT30,5000000335
INV-2026-00336,0000700006,Alpenrose Logistics AS,4500000336,00010,2026-04-06,2026-04-07,4.0,50.86,203.44,38.65,4.07,EUR,246.16,NT45,5000000336
INV-2026-00337,0000700007,Silverline Components SA,4500000337,00010,2026-05-03,2026-05-04,21.0,258.24,5423.04,1030.38,108.46,GBP,6561.88,NT60,5000000337
INV-2026-00338,0000700008,Bramble Technologies Oy,4500000338,00010,2026-05-23,2026-05-24,39.0,213.45,8324.55,1581.66,120.0,EUR,10026.21,NT60,5000000338
INV-2026-00339,0000700009,Cobalt Systems Inc,4500000339,00010,2026-02-24,2026-02-25,33.0,245.85,8113.05,1541.48,120.0,EUR,9774.53,NT60,5000000339
INV-2026-00340,0000700010,Driftwood Industrie GmbH,4500000340,00010,2026-05-09,2026-05-10,57.0,96.02,5473.14,1039.9,109.46,USD,6622.5,NT45,5000000340
INV-2026-00341,0000700011,Ember Materials SpA,4500000341,00010,2026-05-10,2026-05-11,16.0,460.14,7362.24,1398.83,120.0,EUR,8881.07,NT60,5000000341
INV-2026-00342,0000700012,Fairmont Systems Inc,4500000342,00010,2026-03-12,2026-03-13,8.0,361.76,2894.08,549.88,57.88,EUR,3501.84,NT30,5000000342
INV-2026-00343,0000700013,Granite Trading BV,4500000343,00010,2026-06-02,2026-06-03,6.0,459.32,2755.92,523.62,55.12,GBP,3334.66,NT30,5000000343
INV-2026-00344,0000700014,Harbourview Components SA,4500000344,00010,2026-01-10,2026-01-11,58.0,319.87,18552.46,3524.97,120.0,EUR,22197.43,NT45,5000000344
INV-2026-00345,0000700015,Ironwood Supply Ltd,4500000345,00010,2026-03-06,2026-03-07,33.0,67.03,2211.99,420.28,44.24,EUR,2676.51,NT60,5000000345
INV-2026-00346,0000700016,Juniper Technologies Oy,4500000346,00010,2026-04-18,2026-04-19,1.0,539.49,539.49,102.5,10.79,EUR,652.78,NT60,5000000346
INV-2026-00347,0000700017,Larkspur Manufacturing AG,4500000347,00010,2026-01-25,2026-01-26,20.0,92.58,1851.6,351.8,37.03,USD,2240.43,NT60,5000000347
INV-2026-00348,0000700018,Meridian Logistics AS,4500000348,00010,2026-05-17,2026-05-18,21.0,255.53,5366.13,1019.56,107.32,USD,6493.01,NT30,5000000348
INV-2026-00349,0000700019,Northgate Industrie GmbH,4500000349,00010,2026-02-22,2026-02-23,54.0,468.8,25315.2,4809.89,120.0,GBP,30245.09,NT45,5000000349
INV-2026-00350,0000700020,Orchard Components SA,4500000350,00010,2026-01-19,2026-01-20,36.0,42.75,1539.0,292.41,30.78,EUR,1862.19,NT30,5000000350
INV-2026-00351,0000700021,Pinnacle Manufacturing AG,4500000351,00010,2026-04-08,2026-04-09,28.0,380.33,10649.24,2023.36,120.0,EUR,12792.6,NT45,5000000351
INV-2026-00352,0000700022,Quarry Materials SpA,4500000352,00010,2026-04-02,2026-04-03,57.0,48.75,2778.75,527.96,55.58,GBP,3362.29,NT45,5000000352
INV-2026-00353,0000700023,Redstone Industrie GmbH,4500000353,00010,2026-02-05,2026-02-06,22.0,486.58,10704.76,2033.9,120.0,EUR,12858.66,NT60,5000000353
INV-2026-00354,0000700024,Summit Manufacturing AG,4500000354,00010,2026-03-07,2026-03-08,9.0,347.86,3130.74,594.84,62.61,EUR,3788.19,NT30,5000000354
INV-2026-00355,0000700025,Thornbury Components SA,4500000355,00010,2026-05-18,2026-05-19,28.0,455.33,12749.24,2422.36,120.0,GBP,15291.6,NT45,5000000355
INV-2026-00356,0000700026,Umbra Systems Inc,4500000356,00010,2026-03-22,2026-03-23,17.0,426.88,7256.96,1378.82,120.0,USD,8755.78,NT45,5000000356
INV-2026-00357,0000700027,Valemont Manufacturing AG,4500000357,00010,2026-04-14,2026-04-15,31.0,597.05,18508.55,3516.62,120.0,EUR,22145.17,NT60,5000000357
INV-2026-00358,0000700028,Westford Trading BV,4500000358,00010,2026-02-06,2026-02-07,13.0,107.77,1401.01,266.19,28.02,USD,1695.22,NT60,5000000358
INV-2026-00359,0000700029,Yarrow Supply Ltd,4500000359,00010,2026-04-23,2026-04-24,54.0,493.05,26624.7,5058.69,120.0,GBP,31803.39,NT30,5000000359
INV-2026-00360,0000700030,Zenith Materials SpA,4500000360,00010,2026-05-25,2026-05-26,43.0,344.9,14830.7,2817.83,120.0,EUR,17768.53,NT30,5000000360
INV-2026-00361,0000700001,Nordwind Industrie GmbH,4500000361,00010,2026-03-01,2026-03-02,4.0,46.97,187.88,35.7,3.76,EUR,227.34,NT60,5000000361
INV-2026-00362,0000700002,Bluepeak Manufacturing AG,4500000362,00010,2026-04-07,2026-04-08,39.0,292.6,11411.4,2168.17,120.0,USD,13699.57,NT45,5000000362
INV-2026-00363,0000700003,Vertex Trading BV,4500000363,00010,2026-04-17,2026-04-18,4.0,453.27,1813.08,344.49,36.26,EUR,2193.83,NT45,5000000363
INV-2026-00364,0000700004,Ravenna Trading BV,4500000364,00010,2026-05-17,2026-05-18,7.0,237.43,1662.01,315.78,33.24,EUR,2011.03,NT45,5000000364
INV-2026-00365,0000700005,Kestrel Supply Ltd,4500000365,00010,2026-02-16,2026-02-17,49.0,468.86,22974.14,4365.09,120.0,USD,27459.23,NT30,5000000365
INV-2026-00366,0000700006,Alpenrose Logistics AS,4500000366,00010,2026-01-25,2026-01-26,55.0,289.82,15940.1,3028.62,120.0,EUR,19088.72,NT60,5000000366
INV-2026-00367,0000700007,Silverline Components SA,4500000367,00010,2026-04-28,2026-04-29,18.0,96.14,1730.52,328.8,34.61,EUR,2093.93,NT30,5000000367
INV-2026-00368,0000700008,Bramble Technologies Oy,4500000368,00010,2026-03-09,2026-03-10,15.0,572.87,8593.05,1632.68,120.0,EUR,10345.73,NT60,5000000368
INV-2026-00369,0000700009,Cobalt Systems Inc,4500000369,00010,2026-04-29,2026-04-30,14.0,392.93,5501.02,1045.19,110.02,USD,6656.23,NT45,5000000369
INV-2026-00370,0000700010,Driftwood Industrie GmbH,4500000370,00010,2026-05-06,2026-05-07,56.0,320.35,17939.6,3408.52,120.0,EUR,21468.12,NT45,5000000370
INV-2026-00371,0000700011,Ember Materials SpA,4500000371,00010,2026-03-25,2026-03-26,23.0,461.58,10616.34,2017.1,120.0,GBP,12753.44,NT45,5000000371
INV-2026-00372,0000700012,Fairmont Systems Inc,4500000372,00010,2026-03-09,2026-03-10,18.0,324.62,5843.16,1110.2,116.86,EUR,7070.22,NT45,5000000372
INV-2026-00373,0000700013,Granite Trading BV,4500000373,00010,2026-01-14,2026-01-15,36.0,147.02,5292.72,1005.62,105.85,EUR,6404.19,NT45,5000000373
INV-2026-00374,0000700014,Harbourview Components SA,4500000374,00010,2026-04-14,2026-04-15,50.0,528.5,26425.0,5020.75,120.0,EUR,31565.75,NT60,5000000374
INV-2026-00375,0000700015,Ironwood Supply Ltd,4500000375,00010,2026-04-06,2026-04-07,51.0,44.28,2258.28,429.07,45.17,GBP,2732.52,NT45,5000000375
INV-2026-00376,0000700016,Juniper Technologies Oy,4500000376,00010,2026-01-31,2026-02-01,11.0,108.42,1192.62,226.6,23.85,GBP,1443.07,NT30,5000000376
INV-2026-00377,0000700017,Larkspur Manufacturing AG,4500000377,00010,2026-03-05,2026-03-06,1.0,126.04,126.04,23.95,2.52,EUR,152.51,NT45,5000000377
INV-2026-00378,0000700018,Meridian Logistics AS,4500000378,00010,2026-03-03,2026-03-04,37.0,92.98,3440.26,653.65,68.81,USD,4162.72,NT30,5000000378
INV-2026-00379,0000700019,Northgate Industrie GmbH,4500000379,00010,2026-01-23,2026-01-24,12.0,517.83,6213.96,1180.65,120.0,EUR,7514.61,NT45,5000000379
INV-2026-00380,0000700020,Orchard Components SA,4500000380,00010,2026-05-28,2026-05-29,32.0,156.47,5007.04,951.34,100.14,GBP,6058.52,NT30,5000000380
INV-2026-00381,0000700021,Pinnacle Manufacturing AG,4500000381,00010,2026-02-13,2026-02-14,9.0,401.43,3612.87,686.45,72.26,EUR,4371.58,NT60,5000000381
INV-2026-00382,0000700022,Quarry Materials SpA,4500000382,00010,2026-04-13,2026-04-14,41.0,358.83,14712.03,2795.29,120.0,EUR,17627.32,NT60,5000000382
INV-2026-00383,0000700023,Redstone Industrie GmbH,4500000383,00010,2026-05-07,2026-05-08,51.0,368.49,18792.99,3570.67,120.0,EUR,22483.66,NT45,5000000383
INV-2026-00384,0000700024,Summit Manufacturing AG,4500000384,00010,2026-04-23,2026-04-24,34.0,258.27,8781.18,1668.42,120.0,EUR,10569.6,NT60,5000000384
INV-2026-00385,0000700025,Thornbury Components SA,4500000385,00010,2026-03-14,2026-03-15,40.0,382.88,15315.2,2909.89,120.0,EUR,18345.09,NT30,5000000385
INV-2026-00386,0000700026,Umbra Systems Inc,4500000386,00010,2026-03-16,2026-03-17,15.0,373.21,5598.15,1063.65,111.96,EUR,6773.76,NT30,5000000386
INV-2026-00387,0000700027,Valemont Manufacturing AG,4500000387,00010,2026-04-22,2026-04-23,40.0,255.19,10207.6,1939.44,120.0,USD,12267.04,NT30,5000000387
INV-2026-00388,0000700028,Westford Trading BV,4500000388,00010,2026-05-22,2026-05-23,54.0,399.33,21563.82,4097.13,120.0,GBP,25780.95,NT45,5000000388
INV-2026-00389,0000700029,Yarrow Supply Ltd,4500000389,00010,2026-02-21,2026-02-22,40.0,489.95,19598.0,3723.62,120.0,EUR,23441.62,NT30,5000000389
INV-2026-00390,0000700030,Zenith Materials SpA,4500000390,00010,2026-04-29,2026-04-30,29.0,238.8,6925.2,1315.79,120.0,EUR,8360.99,NT45,5000000390
INV-2026-00391,0000700001,Nordwind Industrie GmbH,4500000391,00010,2026-02-19,2026-02-20,9.0,464.02,4176.18,793.47,83.52,USD,5053.17,NT30,5000000391
INV-2026-00392,0000700002,Bluepeak Manufacturing AG,4500000392,00010,2026-04-10,2026-04-11,6.0,321.56,1929.36,366.58,38.59,EUR,2334.53,NT60,5000000392
INV-2026-00393,0000700003,Vertex Trading BV,4500000393,00010,2026-04-02,2026-04-03,50.0,50.3,2515.0,477.85,50.3,EUR,3043.15,NT45,5000000393
INV-2026-00394,0000700004,Ravenna Trading BV,4500000394,00010,2026-05-01,2026-05-02,18.0,94.02,1692.36,321.55,33.85,EUR,2047.76,NT45,5000000394
INV-2026-00395,0000700005,Kestrel Supply Ltd,4500000395,00010,2026-04-16,2026-04-17,39.0,94.96,3703.44,703.65,74.07,EUR,4481.16,NT60,5000000395
INV-2026-00396,0000700006,Alpenrose Logistics AS,4500000396,00010,2026-05-13,2026-05-14,12.0,469.46,5633.52,1070.37,112.67,EUR,6816.56,NT45,5000000396
INV-2026-00397,0000700007,Silverline Components SA,4500000397,00010,2026-06-07,2026-06-08,60.0,473.42,28405.2,5396.99,120.0,USD,33922.19,NT45,5000000397
INV-2026-00398,0000700008,Bramble Technologies Oy,4500000398,00010,2026-04-25,2026-04-26,15.0,91.13,1366.95,259.72,27.34,GBP,1654.01,NT45,5000000398
INV-2026-00399,0000700009,Cobalt Systems Inc,4500000399,00010,2026-02-02,2026-02-03,57.0,448.19,25546.83,4853.9,120.0,EUR,30520.73,NT60,5000000399
INV-2026-00400,0000700010,Driftwood Industrie GmbH,4500000400,00010,2026-03-09,2026-03-10,52.0,595.3,30955.6,5881.56,120.0,GBP,36957.16,NT45,5000000400
INV-ANOM-01A,0000700001,Nordwind Industrie GmbH,4590000401,00010,2026-03-20,2026-03-21,10.0,100.0,1000.0,190.0,20.0,EUR,1210.0,NT30,5090000401
INV-ANOM-01B,0000700001,Nordwind Industrie GmbH,4590000402,00010,2026-03-20,2026-03-21,10.0,100.0,1000.0,190.0,20.0,EUR,1210.0,NT30,5090000402
INV-ANOM-02,0000700001,Nordwind Industrie GmbH,4590000403,00010,2026-03-15,2026-03-16,5.0,80.0,400.0,76.0,8.0,EUR,484.0,NT30,5090000403
INV-ANOM-02,0000700001,Nordwind Industrie GmbH,4590000404,00010,2026-04-02,2026-04-03,7.0,120.0,840.0,159.6,16.8,EUR,1016.4,NT30,5090000404
INV-ANOM-03,0000700001,Nordwind Industrie GmbH,4599999999,00010,2026-03-20,2026-03-21,4.0,90.0,360.0,68.4,7.2,EUR,435.6,NT30,
INV-ANOM-04,0000700001,Nordwind Industrie GmbH,4590000405,00010,2026-03-20,2026-03-21,6.0,110.0,660.0,125.4,13.2,EUR,798.6,NT30,
INV-ANOM-05,0000700001,Nordwind Industrie GmbH,4590000406,00010,2026-03-20,2026-03-21,10.0,130.0,1300.0,247.0,26.0,EUR,1573.0,NT30,5090000405
INV-ANOM-06,0000700001,Nordwind Industrie GmbH,4590000407,00010,2026-03-20,2026-03-21,8.0,100.0,800.0,152.0,16.0,EUR,968.0,NT30,5090000406
INV-ANOM-07,0000700001,Nordwind Industrie GmbH,4590000408,00010,2026-03-20,2026-03-21,10.0,100.0,1000.0,250.0,20.0,EUR,1270.0,NT30,5090000407
INV-ANOM-08,0000700001,Nordwind Industrie GmbH,4590000409,00010,2026-03-20,2026-03-21,10.0,100.0,1000.0,190.0,20.0,USD,1210.0,NT30,5090000408
INV-ANOM-09,0000700002,Bluepeak Manufacturing AG,4590000410,00010,2026-03-20,2026-03-21,10.0,100.0,1000.0,190.0,20.0,EUR,1210.0,NT30,5090000409
INV-ANOM-10,0000700001,Nordwind Industrie GmbH,4590000411,00010,2026-03-20,2026-03-21,10.0,100.0,1000.0,190.0,900.0,EUR,2090.0,NT30,5090000410
INV-ANOM-11,0000700001,Nordwind Industrie GmbH,4590000412,00010,2026-02-05,2026-02-06,10.0,100.0,1000.0,190.0,20.0,EUR,1210.0,NT60,5090000411
INV-ANOM-12,0000700001,Nordwind Industrie GmbH,4590000413,00010,2026-02-06,2026-02-07,10.0,100.0,1000.0,190.0,20.0,EUR,1210.0,NT30,5090000412
INV-ANOM-13A,0000700001,Nordwind Industrie GmbH,4590000414,00010,2026-03-12,2026-03-13,10.0,100.0,1000.0,190.0,20.0,EUR,1210.0,NT30,5090000413
INV-ANOM-13B,0000700001,Nordwind Industrie GmbH,4590000414,00010,2026-03-26,2026-03-27,10.0,100.0,1000.0,190.0,20.0,EUR,1210.0,NT30,
INV-ANOM-14,0000700001,Nordwind Industrie GmbH,4590000415,00010,2026-03-18,2026-03-19,10.0,100.0,1000.0,190.0,20.0,EUR,1210.0,NT30,5090000414
INV-ANOM-15,0000700001,Nordwind Industrie GmbH,4590000416,00010,2026-03-10,2026-03-11,10.0,100.0,1000.0,190.0,20.0,EUR,1210.0,NT30,5090000415
INV-ANOM-16,0000700001,Nordwind Industrie GmbH,4590000417,00010,2026-09-15,2026-09-16,10.0,100.0,1000.0,190.0,20.0,EUR,1210.0,NT30,5090000416
INV-ANOM-17,0000700001,Nordwind Industrie GmbH,4590000418,00010,2026-02-07,2026-02-08,10.0,100.0,1000.0,190.0,20.0,EUR,1210.0,NT30,5090000417
