MATNR,MAKTX,WERKS,LGORT,BUDAT,OPENING_STOCK,LABST,DEMAND,GR_QTY,GI_QTY,PLIFZ,MINBE,EISBE,LIFNR,NAME1,OPEN_PO_QTY,EINDT
100001,Bearing Assembly 50mm,1000,0001,2024-01-01,1260.0,754.0,506.0,0.0,506.0,21,520.0,180.0,0000300001,Nordwind Industrieteile GmbH,,
100001,Bearing Assembly 50mm,1000,0001,2024-02-01,754.0,336.0,418.0,0.0,418.0,21,520.0,180.0,0000300001,Nordwind Industrieteile GmbH,,
100001,Bearing Assembly 50mm,1000,0001,2024-03-01,336.0,1276.0,320.0,1260.0,320.0,21,520.0,180.0,0000300001,Nordwind Industrieteile GmbH,,
100001,Bearing Assembly 50mm,1000,0001,2024-04-01,1276.0,1004.0,272.0,0.0,272.0,21,520.0,180.0,0000300001,Nordwind Industrieteile GmbH,,
100001,Bearing Assembly 50mm,1000,0001,2024-05-01,1004.0,758.0,246.0,0.0,246.0,21,520.0,180.0,0000300001,Nordwind Industrieteile GmbH,,
100001,Bearing Assembly 50mm,1000,0001,2024-06-01,758.0,475.0,283.0,0.0,283.0,21,520.0,180.0,0000300001,Nordwind Industrieteile GmbH,,
100001,Bearing Assembly 50mm,1000,0001,2024-07-01,475.0,1396.0,339.0,1260.0,339.0,21,520.0,180.0,0000300001,Nordwind Industrieteile GmbH,,
100001,Bearing Assembly 50mm,1000,0001,2024-08-01,1396.0,1000.0,396.0,0.0,396.0,21,520.0,180.0,0000300001,Nordwind Industrieteile GmbH,,
100001,Bearing Assembly 50mm,1000,0001,2024-09-01,1000.0,498.0,502.0,0.0,502.0,21,520.0,180.0,0000300001,Nordwind Industrieteile GmbH,,
100001,Bearing Assembly 50mm,1000,0001,2024-10-01,498.0,1184.0,574.0,1260.0,574.0,21,520.0,180.0,0000300001,Nordwind Industrieteile GmbH,,
100001,Bearing Assembly 50mm,1000,0001,2024-11-01,1184.0,601.0,583.0,0.0,583.0,21,520.0,180.0,0000300001,Nordwind Industrieteile GmbH,,
100001,Bearing Assembly 50mm,1000,0001,2024-12-01,601.0,23.0,578.0,0.0,578.0,21,520.0,180.0,0000300001,Nordwind Industrieteile GmbH,,
100001,Bearing Assembly 50mm,1000,0001,2025-01-01,23.0,792.0,491.0,1260.0,491.0,21,520.0,180.0,0000300001,Nordwind Industrieteile GmbH,,
100001,Bearing Assembly 50mm,1000,0001,2025-02-01,792.0,367.0,425.0,0.0,425.0,21,520.0,180.0,0000300001,Nordwind Industrieteile GmbH,,
100001,Bearing Assembly 50mm,1000,0001,2025-03-01,367.0,1287.0,340.0,1260.0,340.0,21,520.0,180.0,0000300001,Nordwind Industrieteile GmbH,,
100001,Bearing Assembly 50mm,1000,0001,2025-04-01,1287.0,1004.0,283.0,0.0,283.0,21,520.0,180.0,0000300001,Nordwind Industrieteile GmbH,,
100001,Bearing Assembly 50mm,1000,0001,2025-05-01,1004.0,766.0,238.0,0.0,238.0,21,520.0,180.0,0000300001,Nordwind Industrieteile GmbH,,
100001,Bearing Assembly 50mm,1000,0001,2025-06-01,766.0,491.0,275.0,0.0,275.0,21,520.0,180.0,0000300001,Nordwind Industrieteile GmbH,,
100001,Bearing Assembly 50mm,1000,0001,2025-07-01,491.0,1394.0,357.0,1260.0,357.0,21,520.0,180.0,0000300001,Nordwind Industrieteile GmbH,,
100001,Bearing Assembly 50mm,1000,0001,2025-08-01,1394.0,960.0,434.0,0.0,434.0,21,520.0,180.0,0000300001,Nordwind Industrieteile GmbH,,
100001,Bearing Assembly 50mm,1000,0001,2025-09-01,960.0,479.0,481.0,0.0,481.0,21,520.0,180.0,0000300001,Nordwind Industrieteile GmbH,,
100001,Bearing Assembly 50mm,1000,0001,2025-10-01,479.0,1158.0,581.0,1260.0,581.0,21,520.0,180.0,0000300001,Nordwind Industrieteile GmbH,,
100001,Bearing Assembly 50mm,1000,0001,2025-11-01,1158.0,592.0,566.0,0.0,566.0,21,520.0,180.0,0000300001,Nordwind Industrieteile GmbH,,
100001,Bearing Assembly 50mm,1000,0001,2025-12-01,592.0,44.0,548.0,0.0,548.0,21,520.0,180.0,0000300001,Nordwind Industrieteile GmbH,,
100001,Bearing Assembly 50mm,1000,0001,2026-01-01,44.0,778.0,526.0,1260.0,526.0,21,520.0,180.0,0000300001,Nordwind Industrieteile GmbH,,
100001,Bearing Assembly 50mm,1000,0001,2026-02-01,778.0,349.0,429.0,0.0,429.0,21,520.0,180.0,0000300001,Nordwind Industrieteile GmbH,,
100001,Bearing Assembly 50mm,1000,0001,2026-03-01,349.0,1261.0,348.0,1260.0,348.0,21,520.0,180.0,0000300001,Nordwind Industrieteile GmbH,,
100001,Bearing Assembly 50mm,1000,0001,2026-04-01,1261.0,988.0,273.0,0.0,273.0,21,520.0,180.0,0000300001,Nordwind Industrieteile GmbH,,
100001,Bearing Assembly 50mm,1000,0001,2026-05-01,988.0,746.0,242.0,0.0,242.0,21,520.0,180.0,0000300001,Nordwind Industrieteile GmbH,,
100001,Bearing Assembly 50mm,1000,0001,2026-06-01,746.0,2100.0,270.0,1624.0,270.0,21,520.0,180.0,0000300001,Nordwind Industrieteile GmbH,,
100002,Hydraulic Pump HP-200,1000,0001,2024-01-01,420.0,307.0,113.0,0.0,113.0,35,300.0,90.0,0000300019,Helvetia Flow Systems AG,,
100002,Hydraulic Pump HP-200,1000,0001,2024-02-01,307.0,175.0,132.0,0.0,132.0,35,300.0,90.0,0000300019,Helvetia Flow Systems AG,,
100002,Hydraulic Pump HP-200,1000,0001,2024-03-01,175.0,402.0,133.0,360.0,133.0,35,300.0,90.0,0000300019,Helvetia Flow Systems AG,,
100002,Hydraulic Pump HP-200,1000,0001,2024-04-01,402.0,261.0,141.0,0.0,141.0,35,300.0,90.0,0000300019,Helvetia Flow Systems AG,,
100002,Hydraulic Pump HP-200,1000,0001,2024-05-01,261.0,466.0,155.0,360.0,155.0,35,300.0,90.0,0000300019,Helvetia Flow Systems AG,,
100002,Hydraulic Pump HP-200,1000,0001,2024-06-01,466.0,304.0,162.0,0.0,162.0,35,300.0,90.0,0000300019,Helvetia Flow Systems AG,,
100002,Hydraulic Pump HP-200,1000,0001,2024-07-01,304.0,120.0,184.0,0.0,184.0,35,300.0,90.0,0000300019,Helvetia Flow Systems AG,,
100002,Hydraulic Pump HP-200,1000,0001,2024-08-01,120.0,289.0,191.0,360.0,191.0,35,300.0,90.0,0000300019,Helvetia Flow Systems AG,,
100002,Hydraulic Pump HP-200,1000,0001,2024-09-01,289.0,455.0,194.0,360.0,194.0,35,300.0,90.0,0000300019,Helvetia Flow Systems AG,,
100002,Hydraulic Pump HP-200,1000,0001,2024-10-01,455.0,256.0,199.0,0.0,199.0,35,300.0,90.0,0000300019,Helvetia Flow Systems AG,,
100002,Hydraulic Pump HP-200,1000,0001,2024-11-01,256.0,421.0,195.0,360.0,195.0,35,300.0,90.0,0000300019,Helvetia Flow Systems AG,,
100002,Hydraulic Pump HP-200,1000,0001,2024-12-01,421.0,197.0,224.0,0.0,224.0,35,300.0,90.0,0000300019,Helvetia Flow Systems AG,,
100002,Hydraulic Pump HP-200,1000,0001,2025-01-01,197.0,322.0,235.0,360.0,235.0,35,300.0,90.0,0000300019,Helvetia Flow Systems AG,,
100002,Hydraulic Pump HP-200,1000,0001,2025-02-01,322.0,84.0,238.0,0.0,238.0,35,300.0,90.0,0000300019,Helvetia Flow Systems AG,,
100002,Hydraulic Pump HP-200,1000,0001,2025-03-01,84.0,200.0,244.0,360.0,244.0,35,300.0,90.0,0000300019,Helvetia Flow Systems AG,,
100002,Hydraulic Pump HP-200,1000,0001,2025-04-01,200.0,287.0,273.0,360.0,273.0,35,300.0,90.0,0000300019,Helvetia Flow Systems AG,,
100002,Hydraulic Pump HP-200,1000,0001,2025-05-01,287.0,377.0,270.0,360.0,270.0,35,300.0,90.0,0000300019,Helvetia Flow Systems AG,,
100002,Hydraulic Pump HP-200,1000,0001,2025-06-01,377.0,105.0,272.0,0.0,272.0,35,300.0,90.0,0000300019,Helvetia Flow Systems AG,,
100002,Hydraulic Pump HP-200,1000,0001,2025-07-01,105.0,174.0,291.0,360.0,291.0,35,300.0,90.0,0000300019,Helvetia Flow Systems AG,,
100002,Hydraulic Pump HP-200,1000,0001,2025-08-01,174.0,257.0,277.0,360.0,277.0,35,300.0,90.0,0000300019,Helvetia Flow Systems AG,,
100002,Hydraulic Pump HP-200,1000,0001,2025-09-01,257.0,331.0,286.0,360.0,286.0,35,300.0,90.0,0000300019,Helvetia Flow Systems AG,,
100002,Hydraulic Pump HP-200,1000,0001,2025-10-01,331.0,34.0,297.0,0.0,297.0,35,300.0,90.0,0000300019,Helvetia Flow Systems AG,,
100002,Hydraulic Pump HP-200,1000,0001,2025-11-01,34.0,74.0,320.0,360.0,320.0,35,300.0,90.0,0000300019,Helvetia Flow Systems AG,,
100002,Hydraulic Pump HP-200,1000,0001,2025-12-01,74.0,93.0,341.0,360.0,341.0,35,300.0,90.0,0000300019,Helvetia Flow Systems AG,,
100002,Hydraulic Pump HP-200,1000,0001,2026-01-01,93.0,120.0,333.0,360.0,333.0,35,300.0,90.0,0000300019,Helvetia Flow Systems AG,,
100002,Hydraulic Pump HP-200,1000,0001,2026-02-01,120.0,121.0,359.0,360.0,359.0,35,300.0,90.0,0000300019,Helvetia Flow Systems AG,,
100002,Hydraulic Pump HP-200,1000,0001,2026-03-01,121.0,136.0,345.0,360.0,345.0,35,300.0,90.0,0000300019,Helvetia Flow Systems AG,,
100002,Hydraulic Pump HP-200,1000,0001,2026-04-01,136.0,131.0,365.0,360.0,365.0,35,300.0,90.0,0000300019,Helvetia Flow Systems AG,,
100002,Hydraulic Pump HP-200,1000,0001,2026-05-01,131.0,107.0,384.0,360.0,384.0,35,300.0,90.0,0000300019,Helvetia Flow Systems AG,,
100002,Hydraulic Pump HP-200,1000,0001,2026-06-01,107.0,600.0,380.0,873.0,380.0,35,300.0,90.0,0000300019,Helvetia Flow Systems AG,,
100003,Steel Bracket A1,1000,0001,2024-01-01,900.0,600.0,300.0,0.0,300.0,14,400.0,150.0,0000300007,Meridian Fasteners Ltd,,
100003,Steel Bracket A1,1000,0001,2024-02-01,600.0,275.0,325.0,0.0,325.0,14,400.0,150.0,0000300007,Meridian Fasteners Ltd,,
100003,Steel Bracket A1,1000,0001,2024-03-01,275.0,866.0,309.0,900.0,309.0,14,400.0,150.0,0000300007,Meridian Fasteners Ltd,,
100003,Steel Bracket A1,1000,0001,2024-04-01,866.0,561.0,305.0,0.0,305.0,14,400.0,150.0,0000300007,Meridian Fasteners Ltd,,
100003,Steel Bracket A1,1000,0001,2024-05-01,561.0,272.0,289.0,0.0,289.0,14,400.0,150.0,0000300007,Meridian Fasteners Ltd,,
100003,Steel Bracket A1,1000,0001,2024-06-01,272.0,886.0,286.0,900.0,286.0,14,400.0,150.0,0000300007,Meridian Fasteners Ltd,,
100003,Steel Bracket A1,1000,0001,2024-07-01,886.0,579.0,307.0,0.0,307.0,14,400.0,150.0,0000300007,Meridian Fasteners Ltd,,
100003,Steel Bracket A1,1000,0001,2024-08-01,579.0,296.0,283.0,0.0,283.0,14,400.0,150.0,0000300007,Meridian Fasteners Ltd,,
100003,Steel Bracket A1,1000,0001,2024-09-01,296.0,917.0,279.0,900.0,279.0,14,400.0,150.0,0000300007,Meridian Fasteners Ltd,,
100003,Steel Bracket A1,1000,0001,2024-10-01,917.0,620.0,297.0,0.0,297.0,14,400.0,150.0,0000300007,Meridian Fasteners Ltd,,
100003,Steel Bracket A1,1000,0001,2024-11-01,620.0,328.0,292.0,0.0,292.0,14,400.0,150.0,0000300007,Meridian Fasteners Ltd,,
100003,Steel Bracket A1,1000,0001,2024-12-01,328.0,912.0,316.0,900.0,316.0,14,400.0,150.0,0000300007,Meridian Fasteners Ltd,,
100003,Steel Bracket A1,1000,0001,2025-01-01,912.0,616.0,296.0,0.0,296.0,14,400.0,150.0,0000300007,Meridian Fasteners Ltd,,
100003,Steel Bracket A1,1000,0001,2025-02-01,616.0,300.0,316.0,0.0,316.0,14,400.0,150.0,0000300007,Meridian Fasteners Ltd,,
100003,Steel Bracket A1,1000,0001,2025-03-01,300.0,906.0,294.0,900.0,294.0,14,400.0,150.0,0000300007,Meridian Fasteners Ltd,,
100003,Steel Bracket A1,1000,0001,2025-04-01,906.0,610.0,296.0,0.0,296.0,14,400.0,150.0,0000300007,Meridian Fasteners Ltd,,
100003,Steel Bracket A1,1000,0001,2025-05-01,610.0,327.0,283.0,0.0,283.0,14,400.0,150.0,0000300007,Meridian Fasteners Ltd,,
100003,Steel Bracket A1,1000,0001,2025-06-01,327.0,912.0,315.0,900.0,315.0,14,400.0,150.0,0000300007,Meridian Fasteners Ltd,,
100003,Steel Bracket A1,1000,0001,2025-07-01,912.0,621.0,291.0,0.0,291.0,14,400.0,150.0,0000300007,Meridian Fasteners Ltd,,
100003,Steel Bracket A1,1000,0001,2025-08-01,621.0,331.0,290.0,0.0,290.0,14,400.0,150.0,0000300007,Meridian Fasteners Ltd,,
100003,Steel Bracket A1,1000,0001,2025-09-01,331.0,947.0,284.0,900.0,284.0,14,400.0,150.0,0000300007,Meridian Fasteners Ltd,,
100003,Steel Bracket A1,1000,0001,2025-10-01,947.0,654.0,293.0,0.0,293.0,14,400.0,150.0,0000300007,Meridian Fasteners Ltd,,
100003,Steel Bracket A1,1000,0001,2025-11-01,654.0,353.0,301.0,0.0,301.0,14,400.0,150.0,0000300007,Meridian Fasteners Ltd,,
100003,Steel Bracket A1,1000,0001,2025-12-01,353.0,975.0,278.0,900.0,278.0,14,400.0,150.0,0000300007,Meridian Fasteners Ltd,,
100003,Steel Bracket A1,1000,0001,2026-01-01,975.0,687.0,288.0,0.0,288.0,14,400.0,150.0,0000300007,Meridian Fasteners Ltd,,
100003,Steel Bracket A1,1000,0001,2026-02-01,687.0,377.0,310.0,0.0,310.0,14,400.0,150.0,0000300007,Meridian Fasteners Ltd,,
100003,Steel Bracket A1,1000,0001,2026-03-01,377.0,974.0,303.0,900.0,303.0,14,400.0,150.0,0000300007,Meridian Fasteners Ltd,,
100003,Steel Bracket A1,1000,0001,2026-04-01,974.0,677.0,297.0,0.0,297.0,14,400.0,150.0,0000300007,Meridian Fasteners Ltd,,
100003,Steel Bracket A1,1000,0001,2026-05-01,677.0,394.0,283.0,0.0,283.0,14,400.0,150.0,0000300007,Meridian Fasteners Ltd,,
100003,Steel Bracket A1,1000,0001,2026-06-01,394.0,1500.0,290.0,1396.0,290.0,14,400.0,150.0,0000300007,Meridian Fasteners Ltd,,
100004,Gearbox Seal Kit,1000,0002,2024-01-01,135.0,135.0,0.0,0.0,0.0,28,40.0,20.0,0000300004,Baltic Precision Components AB,,
100004,Gearbox Seal Kit,1000,0002,2024-02-01,135.0,135.0,0.0,0.0,0.0,28,40.0,20.0,0000300004,Baltic Precision Components AB,,
100004,Gearbox Seal Kit,1000,0002,2024-03-01,135.0,135.0,0.0,0.0,0.0,28,40.0,20.0,0000300004,Baltic Precision Components AB,,
100004,Gearbox Seal Kit,1000,0002,2024-04-01,135.0,135.0,0.0,0.0,0.0,28,40.0,20.0,0000300004,Baltic Precision Components AB,,
100004,Gearbox Seal Kit,1000,0002,2024-05-01,135.0,135.0,0.0,0.0,0.0,28,40.0,20.0,0000300004,Baltic Precision Components AB,,
100004,Gearbox Seal Kit,1000,0002,2024-06-01,135.0,135.0,0.0,0.0,0.0,28,40.0,20.0,0000300004,Baltic Precision Components AB,,
100004,Gearbox Seal Kit,1000,0002,2024-07-01,135.0,135.0,0.0,0.0,0.0,28,40.0,20.0,0000300004,Baltic Precision Components AB,,
100004,Gearbox Seal Kit,1000,0002,2024-08-01,135.0,135.0,0.0,0.0,0.0,28,40.0,20.0,0000300004,Baltic Precision Components AB,,
100004,Gearbox Seal Kit,1000,0002,2024-09-01,135.0,79.0,56.0,0.0,56.0,28,40.0,20.0,0000300004,Baltic Precision Components AB,,
100004,Gearbox Seal Kit,1000,0002,2024-10-01,79.0,79.0,0.0,0.0,0.0,28,40.0,20.0,0000300004,Baltic Precision Components AB,,
100004,Gearbox Seal Kit,1000,0002,2024-11-01,79.0,79.0,0.0,0.0,0.0,28,40.0,20.0,0000300004,Baltic Precision Components AB,,
100004,Gearbox Seal Kit,1000,0002,2024-12-01,79.0,79.0,0.0,0.0,0.0,28,40.0,20.0,0000300004,Baltic Precision Components AB,,
100004,Gearbox Seal Kit,1000,0002,2025-01-01,79.0,79.0,0.0,0.0,0.0,28,40.0,20.0,0000300004,Baltic Precision Components AB,,
100004,Gearbox Seal Kit,1000,0002,2025-02-01,79.0,79.0,0.0,0.0,0.0,28,40.0,20.0,0000300004,Baltic Precision Components AB,,
100004,Gearbox Seal Kit,1000,0002,2025-03-01,79.0,79.0,0.0,0.0,0.0,28,40.0,20.0,0000300004,Baltic Precision Components AB,,
100004,Gearbox Seal Kit,1000,0002,2025-04-01,79.0,79.0,0.0,0.0,0.0,28,40.0,20.0,0000300004,Baltic Precision Components AB,,
100004,Gearbox Seal Kit,1000,0002,2025-05-01,79.0,79.0,0.0,0.0,0.0,28,40.0,20.0,0000300004,Baltic Precision Components AB,,
100004,Gearbox Seal Kit,1000,0002,2025-06-01,79.0,79.0,0.0,0.0,0.0,28,40.0,20.0,0000300004,Baltic Precision Components AB,,
100004,Gearbox Seal Kit,1000,0002,2025-07-01,79.0,14.0,65.0,0.0,65.0,28,40.0,20.0,0000300004,Baltic Precision Components AB,,
100004,Gearbox Seal Kit,1000,0002,2025-08-01,14.0,149.0,0.0,135.0,0.0,28,40.0,20.0,0000300004,Baltic Precision Components AB,,
100004,Gearbox Seal Kit,1000,0002,2025-09-01,149.0,149.0,0.0,0.0,0.0,28,40.0,20.0,0000300004,Baltic Precision Components AB,,
100004,Gearbox Seal Kit,1000,0002,2025-10-01,149.0,149.0,0.0,0.0,0.0,28,40.0,20.0,0000300004,Baltic Precision Components AB,,
100004,Gearbox Seal Kit,1000,0002,2025-11-01,149.0,149.0,0.0,0.0,0.0,28,40.0,20.0,0000300004,Baltic Precision Components AB,,
100004,Gearbox Seal Kit,1000,0002,2025-12-01,149.0,149.0,0.0,0.0,0.0,28,40.0,20.0,0000300004,Baltic Precision Components AB,,
100004,Gearbox Seal Kit,1000,0002,2026-01-01,149.0,149.0,0.0,0.0,0.0,28,40.0,20.0,0000300004,Baltic Precision Components AB,,
100004,Gearbox Seal Kit,1000,0002,2026-02-01,149.0,103.0,46.0,0.0,46.0,28,40.0,20.0,0000300004,Baltic Precision Components AB,,
100004,Gearbox Seal Kit,1000,0002,2026-03-01,103.0,103.0,0.0,0.0,0.0,28,40.0,20.0,0000300004,Baltic Precision Components AB,,
100004,Gearbox Seal Kit,1000,0002,2026-04-01,103.0,103.0,0.0,0.0,0.0,28,40.0,20.0,0000300004,Baltic Precision Components AB,,
100004,Gearbox Seal Kit,1000,0002,2026-05-01,103.0,103.0,0.0,0.0,0.0,28,40.0,20.0,0000300004,Baltic Precision Components AB,,
100004,Gearbox Seal Kit,1000,0002,2026-06-01,103.0,225.0,0.0,122.0,0.0,28,40.0,20.0,0000300004,Baltic Precision Components AB,,
100005,Control Valve CV-12,1000,0001,2024-01-01,630.0,425.0,205.0,0.0,205.0,30,260.0,110.0,0000300012,Ravenna Metalworks S.p.A.,,
100005,Control Valve CV-12,1000,0001,2024-02-01,425.0,224.0,201.0,0.0,201.0,30,260.0,110.0,0000300012,Ravenna Metalworks S.p.A.,,
100005,Control Valve CV-12,1000,0001,2024-03-01,224.0,639.0,215.0,630.0,215.0,30,260.0,110.0,0000300012,Ravenna Metalworks S.p.A.,,
100005,Control Valve CV-12,1000,0001,2024-04-01,639.0,418.0,221.0,0.0,221.0,30,260.0,110.0,0000300012,Ravenna Metalworks S.p.A.,,
100005,Control Valve CV-12,1000,0001,2024-05-01,418.0,208.0,210.0,0.0,210.0,30,260.0,110.0,0000300012,Ravenna Metalworks S.p.A.,,
100005,Control Valve CV-12,1000,0001,2024-06-01,208.0,648.0,190.0,630.0,190.0,30,260.0,110.0,0000300012,Ravenna Metalworks S.p.A.,,
100005,Control Valve CV-12,1000,0001,2024-07-01,648.0,461.0,187.0,0.0,187.0,30,260.0,110.0,0000300012,Ravenna Metalworks S.p.A.,,
100005,Control Valve CV-12,1000,0001,2024-08-01,461.0,259.0,202.0,0.0,202.0,30,260.0,110.0,0000300012,Ravenna Metalworks S.p.A.,,
100005,Control Valve CV-12,1000,0001,2024-09-01,259.0,684.0,205.0,630.0,205.0,30,260.0,110.0,0000300012,Ravenna Metalworks S.p.A.,,
100005,Control Valve CV-12,1000,0001,2024-10-01,684.0,470.0,214.0,0.0,214.0,30,260.0,110.0,0000300012,Ravenna Metalworks S.p.A.,,
100005,Control Valve CV-12,1000,0001,2024-11-01,470.0,259.0,211.0,0.0,211.0,30,260.0,110.0,0000300012,Ravenna Metalworks S.p.A.,,
100005,Control Valve CV-12,1000,0001,2024-12-01,259.0,694.0,195.0,630.0,195.0,30,260.0,110.0,0000300012,Ravenna Metalworks S.p.A.,,
100005,Control Valve CV-12,1000,0001,2025-01-01,694.0,501.0,193.0,0.0,193.0,30,260.0,110.0,0000300012,Ravenna Metalworks S.p.A.,,
100005,Control Valve CV-12,1000,0001,2025-02-01,501.0,300.0,201.0,0.0,201.0,30,260.0,110.0,0000300012,Ravenna Metalworks S.p.A.,,
100005,Control Valve CV-12,1000,0001,2025-03-01,300.0,88.0,212.0,0.0,212.0,30,260.0,110.0,0000300012,Ravenna Metalworks S.p.A.,,
100005,Control Valve CV-12,1000,0001,2025-04-01,88.0,512.0,206.0,630.0,206.0,30,260.0,110.0,0000300012,Ravenna Metalworks S.p.A.,,
100005,Control Valve CV-12,1000,0001,2025-05-01,512.0,310.0,202.0,0.0,202.0,30,260.0,110.0,0000300012,Ravenna Metalworks S.p.A.,,
100005,Control Valve CV-12,1000,0001,2025-06-01,310.0,87.0,223.0,0.0,223.0,30,260.0,110.0,0000300012,Ravenna Metalworks S.p.A.,,
100005,Control Valve CV-12,1000,0001,2025-07-01,87.0,512.0,205.0,630.0,205.0,30,260.0,110.0,0000300012,Ravenna Metalworks S.p.A.,,
100005,Control Valve CV-12,1000,0001,2025-08-01,512.0,300.0,212.0,0.0,212.0,30,260.0,110.0,0000300012,Ravenna Metalworks S.p.A.,,
100005,Control Valve CV-12,1000,0001,2025-09-01,300.0,86.0,214.0,0.0,214.0,30,260.0,110.0,0000300012,Ravenna Metalworks S.p.A.,,
100005,Control Valve CV-12,1000,0001,2025-10-01,86.0,486.0,230.0,630.0,230.0,30,260.0,110.0,0000300012,Ravenna Metalworks S.p.A.,,
100005,Control Valve CV-12,1000,0001,2025-11-01,486.0,278.0,208.0,0.0,208.0,30,260.0,110.0,0000300012,Ravenna Metalworks S.p.A.,,
100005,Control Valve CV-12,1000,0001,2025-12-01,278.0,57.0,221.0,0.0,221.0,30,260.0,110.0,0000300012,Ravenna Metalworks S.p.A.,,
100005,Control Valve CV-12,1000,0001,2026-01-01,57.0,471.0,216.0,630.0,216.0,30,260.0,110.0,0000300012,Ravenna Metalworks S.p.A.,,
100005,Control Valve CV-12,1000,0001,2026-02-01,471.0,268.0,203.0,0.0,203.0,30,260.0,110.0,0000300012,Ravenna Metalworks S.p.A.,,
100005,Control Valve CV-12,1000,0001,2026-03-01,268.0,46.0,222.0,0.0,222.0,30,260.0,110.0,0000300012,Ravenna Metalworks S.p.A.,,
100005,Control Valve CV-12,1000,0001,2026-04-01,46.0,464.0,212.0,630.0,212.0,30,260.0,110.0,0000300012,Ravenna Metalworks S.p.A.,,
100005,Control Valve CV-12,1000,0001,2026-05-01,464.0,251.0,213.0,0.0,213.0,30,260.0,110.0,0000300012,Ravenna Metalworks S.p.A.,,
100005,Control Valve CV-12,1000,0001,2026-06-01,251.0,95.0,226.0,70.0,226.0,30,260.0,110.0,0000300012,Ravenna Metalworks S.p.A.,,
100006,Filter Cartridge FC-9,1000,0001,2024-01-01,270.0,188.0,82.0,0.0,82.0,10,150.0,60.0,0000300007,Meridian Fasteners Ltd,,
100006,Filter Cartridge FC-9,1000,0001,2024-02-01,188.0,95.0,93.0,0.0,93.0,10,150.0,60.0,0000300007,Meridian Fasteners Ltd,,
100006,Filter Cartridge FC-9,1000,0001,2024-03-01,95.0,271.0,94.0,270.0,94.0,10,150.0,60.0,0000300007,Meridian Fasteners Ltd,,
100006,Filter Cartridge FC-9,1000,0001,2024-04-01,271.0,180.0,91.0,0.0,91.0,10,150.0,60.0,0000300007,Meridian Fasteners Ltd,,
100006,Filter Cartridge FC-9,1000,0001,2024-05-01,180.0,83.0,97.0,0.0,97.0,10,150.0,60.0,0000300007,Meridian Fasteners Ltd,,
100006,Filter Cartridge FC-9,1000,0001,2024-06-01,83.0,263.0,90.0,270.0,90.0,10,150.0,60.0,0000300007,Meridian Fasteners Ltd,,
100006,Filter Cartridge FC-9,1000,0001,2024-07-01,263.0,169.0,94.0,0.0,94.0,10,150.0,60.0,0000300007,Meridian Fasteners Ltd,,
100006,Filter Cartridge FC-9,1000,0001,2024-08-01,169.0,84.0,85.0,0.0,85.0,10,150.0,60.0,0000300007,Meridian Fasteners Ltd,,
100006,Filter Cartridge FC-9,1000,0001,2024-09-01,84.0,268.0,86.0,270.0,86.0,10,150.0,60.0,0000300007,Meridian Fasteners Ltd,,
100006,Filter Cartridge FC-9,1000,0001,2024-10-01,268.0,179.0,89.0,0.0,89.0,10,150.0,60.0,0000300007,Meridian Fasteners Ltd,,
100006,Filter Cartridge FC-9,1000,0001,2024-11-01,179.0,80.0,99.0,0.0,99.0,10,150.0,60.0,0000300007,Meridian Fasteners Ltd,,
100006,Filter Cartridge FC-9,1000,0001,2024-12-01,80.0,255.0,95.0,270.0,95.0,10,150.0,60.0,0000300007,Meridian Fasteners Ltd,,
100006,Filter Cartridge FC-9,1000,0001,2025-01-01,255.0,158.0,97.0,0.0,97.0,10,150.0,60.0,0000300007,Meridian Fasteners Ltd,,
100006,Filter Cartridge FC-9,1000,0001,2025-02-01,158.0,70.0,88.0,0.0,88.0,10,150.0,60.0,0000300007,Meridian Fasteners Ltd,,
100006,Filter Cartridge FC-9,1000,0001,2025-03-01,70.0,250.0,90.0,270.0,90.0,10,150.0,60.0,0000300007,Meridian Fasteners Ltd,,
100006,Filter Cartridge FC-9,1000,0001,2025-04-01,250.0,167.0,83.0,0.0,83.0,10,150.0,60.0,0000300007,Meridian Fasteners Ltd,,
100006,Filter Cartridge FC-9,1000,0001,2025-05-01,167.0,73.0,94.0,0.0,94.0,10,150.0,60.0,0000300007,Meridian Fasteners Ltd,,
100006,Filter Cartridge FC-9,1000,0001,2025-06-01,73.0,255.0,88.0,270.0,88.0,10,150.0,60.0,0000300007,Meridian Fasteners Ltd,,
100006,Filter Cartridge FC-9,1000,0001,2025-07-01,255.0,162.0,93.0,0.0,93.0,10,150.0,60.0,0000300007,Meridian Fasteners Ltd,,
100006,Filter Cartridge FC-9,1000,0001,2025-08-01,162.0,78.0,84.0,0.0,84.0,10,150.0,60.0,0000300007,Meridian Fasteners Ltd,,
100006,Filter Cartridge FC-9,1000,0001,2025-09-01,78.0,263.0,85.0,270.0,85.0,10,150.0,60.0,0000300007,Meridian Fasteners Ltd,,
100006,Filter Cartridge FC-9,1000,0001,2025-10-01,263.0,174.0,89.0,0.0,89.0,10,150.0,60.0,0000300007,Meridian Fasteners Ltd,,
100006,Filter Cartridge FC-9,1000,0001,2025-11-01,174.0,83.0,91.0,0.0,91.0,10,150.0,60.0,0000300007,Meridian Fasteners Ltd,,
100006,Filter Cartridge FC-9,1000,0001,2025-12-01,83.0,262.0,91.0,270.0,91.0,10,150.0,60.0,0000300007,Meridian Fasteners Ltd,,
100006,Filter Cartridge FC-9,1000,0001,2026-01-01,262.0,179.0,83.0,0.0,83.0,10,150.0,60.0,0000300007,Meridian Fasteners Ltd,,
100006,Filter Cartridge FC-9,1000,0001,2026-02-01,179.0,82.0,97.0,0.0,97.0,10,150.0,60.0,0000300007,Meridian Fasteners Ltd,,
100006,Filter Cartridge FC-9,1000,0001,2026-03-01,82.0,259.0,93.0,270.0,93.0,10,150.0,60.0,0000300007,Meridian Fasteners Ltd,,
100006,Filter Cartridge FC-9,1000,0001,2026-04-01,259.0,168.0,91.0,0.0,91.0,10,150.0,60.0,0000300007,Meridian Fasteners Ltd,,
100006,Filter Cartridge FC-9,1000,0001,2026-05-01,168.0,86.0,82.0,0.0,82.0,10,150.0,60.0,0000300007,Meridian Fasteners Ltd,,
100006,Filter Cartridge FC-9,1000,0001,2026-06-01,86.0,4200.0,87.0,4201.0,87.0,10,150.0,60.0,0000300007,Meridian Fasteners Ltd,,
100007,Drive Belt DB-45,2000,0001,2024-01-01,84.0,70.0,14.0,0.0,14.0,21,60.0,30.0,0000300001,Nordwind Industrieteile GmbH,,
100007,Drive Belt DB-45,2000,0001,2024-02-01,70.0,50.0,20.0,0.0,20.0,21,60.0,30.0,0000300001,Nordwind Industrieteile GmbH,,
100007,Drive Belt DB-45,2000,0001,2024-03-01,50.0,88.0,22.0,60.0,22.0,21,60.0,30.0,0000300001,Nordwind Industrieteile GmbH,,
100007,Drive Belt DB-45,2000,0001,2024-04-01,88.0,70.0,18.0,0.0,18.0,21,60.0,30.0,0000300001,Nordwind Industrieteile GmbH,,
100007,Drive Belt DB-45,2000,0001,2024-05-01,70.0,44.0,26.0,0.0,26.0,21,60.0,30.0,0000300001,Nordwind Industrieteile GmbH,,
100007,Drive Belt DB-45,2000,0001,2024-06-01,44.0,89.0,15.0,60.0,15.0,21,60.0,30.0,0000300001,Nordwind Industrieteile GmbH,,
100007,Drive Belt DB-45,2000,0001,2024-07-01,89.0,69.0,20.0,0.0,20.0,21,60.0,30.0,0000300001,Nordwind Industrieteile GmbH,,
100007,Drive Belt DB-45,2000,0001,2024-08-01,69.0,58.0,11.0,0.0,11.0,21,60.0,30.0,0000300001,Nordwind Industrieteile GmbH,,
100007,Drive Belt DB-45,2000,0001,2024-09-01,58.0,90.0,28.0,60.0,28.0,21,60.0,30.0,0000300001,Nordwind Industrieteile GmbH,,
100007,Drive Belt DB-45,2000,0001,2024-10-01,90.0,79.0,11.0,0.0,11.0,21,60.0,30.0,0000300001,Nordwind Industrieteile GmbH,,
100007,Drive Belt DB-45,2000,0001,2024-11-01,79.0,79.0,0.0,0.0,0.0,21,60.0,30.0,0000300001,Nordwind Industrieteile GmbH,,
100007,Drive Belt DB-45,2000,0001,2024-12-01,79.0,79.0,0.0,0.0,0.0,21,60.0,30.0,0000300001,Nordwind Industrieteile GmbH,,
100007,Drive Belt DB-45,2000,0001,2025-01-01,79.0,62.0,17.0,0.0,17.0,21,60.0,30.0,0000300001,Nordwind Industrieteile GmbH,,
100007,Drive Belt DB-45,2000,0001,2025-02-01,62.0,62.0,0.0,0.0,0.0,21,60.0,30.0,0000300001,Nordwind Industrieteile GmbH,,
100007,Drive Belt DB-45,2000,0001,2025-03-01,62.0,40.0,22.0,0.0,22.0,21,60.0,30.0,0000300001,Nordwind Industrieteile GmbH,,
100007,Drive Belt DB-45,2000,0001,2025-04-01,40.0,85.0,15.0,60.0,15.0,21,60.0,30.0,0000300001,Nordwind Industrieteile GmbH,,
100007,Drive Belt DB-45,2000,0001,2025-05-01,85.0,71.0,14.0,0.0,14.0,21,60.0,30.0,0000300001,Nordwind Industrieteile GmbH,,
100007,Drive Belt DB-45,2000,0001,2025-06-01,71.0,71.0,0.0,0.0,0.0,21,60.0,30.0,0000300001,Nordwind Industrieteile GmbH,,
100007,Drive Belt DB-45,2000,0001,2025-07-01,71.0,71.0,0.0,0.0,0.0,21,60.0,30.0,0000300001,Nordwind Industrieteile GmbH,,
100007,Drive Belt DB-45,2000,0001,2025-08-01,71.0,71.0,0.0,0.0,0.0,21,60.0,30.0,0000300001,Nordwind Industrieteile GmbH,,
100007,Drive Belt DB-45,2000,0001,2025-09-01,71.0,51.0,20.0,0.0,20.0,21,60.0,30.0,0000300001,Nordwind Industrieteile GmbH,,
100007,Drive Belt DB-45,2000,0001,2025-10-01,51.0,94.0,17.0,60.0,17.0,21,60.0,30.0,0000300001,Nordwind Industrieteile GmbH,,
100007,Drive Belt DB-45,2000,0001,2025-11-01,94.0,83.0,11.0,0.0,11.0,21,60.0,30.0,0000300001,Nordwind Industrieteile GmbH,,
100007,Drive Belt DB-45,2000,0001,2025-12-01,83.0,83.0,0.0,0.0,0.0,21,60.0,30.0,0000300001,Nordwind Industrieteile GmbH,,
100007,Drive Belt DB-45,2000,0001,2026-01-01,83.0,69.0,14.0,0.0,14.0,21,60.0,30.0,0000300001,Nordwind Industrieteile GmbH,,
100007,Drive Belt DB-45,2000,0001,2026-02-01,69.0,51.0,18.0,0.0,18.0,21,60.0,30.0,0000300001,Nordwind Industrieteile GmbH,,
100007,Drive Belt DB-45,2000,0001,2026-03-01,51.0,97.0,14.0,60.0,14.0,21,60.0,30.0,0000300001,Nordwind Industrieteile GmbH,,
100007,Drive Belt DB-45,2000,0001,2026-04-01,97.0,82.0,15.0,0.0,15.0,21,60.0,30.0,0000300001,Nordwind Industrieteile GmbH,,
100007,Drive Belt DB-45,2000,0001,2026-05-01,82.0,82.0,0.0,0.0,0.0,21,60.0,30.0,0000300001,Nordwind Industrieteile GmbH,,
100007,Drive Belt DB-45,2000,0001,2026-06-01,82.0,340.0,22.0,280.0,22.0,21,60.0,30.0,0000300001,Nordwind Industrieteile GmbH,,
100008,Legacy Relay LR-3,2000,0001,2024-01-01,90.0,61.0,29.0,0.0,29.0,45,25.0,10.0,0000300004,Baltic Precision Components AB,,
100008,Legacy Relay LR-3,2000,0001,2024-02-01,61.0,17.0,44.0,0.0,44.0,45,25.0,10.0,0000300004,Baltic Precision Components AB,,
100008,Legacy Relay LR-3,2000,0001,2024-03-01,17.0,80.0,27.0,90.0,27.0,45,25.0,10.0,0000300004,Baltic Precision Components AB,,
100008,Legacy Relay LR-3,2000,0001,2024-04-01,80.0,41.0,39.0,0.0,39.0,45,25.0,10.0,0000300004,Baltic Precision Components AB,,
100008,Legacy Relay LR-3,2000,0001,2024-05-01,41.0,0.0,42.0,0.0,41.0,45,25.0,10.0,0000300004,Baltic Precision Components AB,,
100008,Legacy Relay LR-3,2000,0001,2024-06-01,0.0,60.0,30.0,90.0,30.0,45,25.0,10.0,0000300004,Baltic Precision Components AB,,
100008,Legacy Relay LR-3,2000,0001,2024-07-01,60.0,33.0,27.0,0.0,27.0,45,25.0,10.0,0000300004,Baltic Precision Components AB,,
100008,Legacy Relay LR-3,2000,0001,2024-08-01,33.0,15.0,18.0,0.0,18.0,45,25.0,10.0,0000300004,Baltic Precision Components AB,,
100008,Legacy Relay LR-3,2000,0001,2024-09-01,15.0,75.0,30.0,90.0,30.0,45,25.0,10.0,0000300004,Baltic Precision Components AB,,
100008,Legacy Relay LR-3,2000,0001,2024-10-01,75.0,32.0,43.0,0.0,43.0,45,25.0,10.0,0000300004,Baltic Precision Components AB,,
100008,Legacy Relay LR-3,2000,0001,2024-11-01,32.0,8.0,24.0,0.0,24.0,45,25.0,10.0,0000300004,Baltic Precision Components AB,,
100008,Legacy Relay LR-3,2000,0001,2024-12-01,8.0,70.0,28.0,90.0,28.0,45,25.0,10.0,0000300004,Baltic Precision Components AB,,
100008,Legacy Relay LR-3,2000,0001,2025-01-01,70.0,41.0,29.0,0.0,29.0,45,25.0,10.0,0000300004,Baltic Precision Components AB,,
100008,Legacy Relay LR-3,2000,0001,2025-02-01,41.0,15.0,26.0,0.0,26.0,45,25.0,10.0,0000300004,Baltic Precision Components AB,,
100008,Legacy Relay LR-3,2000,0001,2025-03-01,15.0,81.0,24.0,90.0,24.0,45,25.0,10.0,0000300004,Baltic Precision Components AB,,
100008,Legacy Relay LR-3,2000,0001,2025-04-01,81.0,42.0,39.0,0.0,39.0,45,25.0,10.0,0000300004,Baltic Precision Components AB,,
100008,Legacy Relay LR-3,2000,0001,2025-05-01,42.0,42.0,0.0,0.0,0.0,45,25.0,10.0,0000300004,Baltic Precision Components AB,,
100008,Legacy Relay LR-3,2000,0001,2025-06-01,42.0,42.0,0.0,0.0,0.0,45,25.0,10.0,0000300004,Baltic Precision Components AB,,
100008,Legacy Relay LR-3,2000,0001,2025-07-01,42.0,42.0,0.0,0.0,0.0,45,25.0,10.0,0000300004,Baltic Precision Components AB,,
100008,Legacy Relay LR-3,2000,0001,2025-08-01,42.0,42.0,0.0,0.0,0.0,45,25.0,10.0,0000300004,Baltic Precision Components AB,,
100008,Legacy Relay LR-3,2000,0001,2025-09-01,42.0,42.0,0.0,0.0,0.0,45,25.0,10.0,0000300004,Baltic Precision Components AB,,
100008,Legacy Relay LR-3,2000,0001,2025-10-01,42.0,42.0,0.0,0.0,0.0,45,25.0,10.0,0000300004,Baltic Precision Components AB,,
100008,Legacy Relay LR-3,2000,0001,2025-11-01,42.0,42.0,0.0,0.0,0.0,45,25.0,10.0,0000300004,Baltic Precision Components AB,,
100008,Legacy Relay LR-3,2000,0001,2025-12-01,42.0,42.0,0.0,0.0,0.0,45,25.0,10.0,0000300004,Baltic Precision Components AB,,
100008,Legacy Relay LR-3,2000,0001,2026-01-01,42.0,42.0,0.0,0.0,0.0,45,25.0,10.0,0000300004,Baltic Precision Components AB,,
100008,Legacy Relay LR-3,2000,0001,2026-02-01,42.0,42.0,0.0,0.0,0.0,45,25.0,10.0,0000300004,Baltic Precision Components AB,,
100008,Legacy Relay LR-3,2000,0001,2026-03-01,42.0,42.0,0.0,0.0,0.0,45,25.0,10.0,0000300004,Baltic Precision Components AB,,
100008,Legacy Relay LR-3,2000,0001,2026-04-01,42.0,42.0,0.0,0.0,0.0,45,25.0,10.0,0000300004,Baltic Precision Components AB,,
100008,Legacy Relay LR-3,2000,0001,2026-05-01,42.0,42.0,0.0,0.0,0.0,45,25.0,10.0,0000300004,Baltic Precision Components AB,,
100008,Legacy Relay LR-3,2000,0001,2026-06-01,42.0,260.0,0.0,218.0,0.0,45,25.0,10.0,0000300004,Baltic Precision Components AB,,
100009,Coolant Pump CP-7,2000,0001,2024-01-01,420.0,277.0,143.0,0.0,143.0,28,180.0,70.0,0000300019,Helvetia Flow Systems AG,,
100009,Coolant Pump CP-7,2000,0001,2024-02-01,277.0,125.0,152.0,0.0,152.0,28,180.0,70.0,0000300019,Helvetia Flow Systems AG,,
100009,Coolant Pump CP-7,2000,0001,2024-03-01,125.0,421.0,124.0,420.0,124.0,28,180.0,70.0,0000300019,Helvetia Flow Systems AG,,
100009,Coolant Pump CP-7,2000,0001,2024-04-01,421.0,286.0,135.0,0.0,135.0,28,180.0,70.0,0000300019,Helvetia Flow Systems AG,,
100009,Coolant Pump CP-7,2000,0001,2024-05-01,286.0,144.0,142.0,0.0,142.0,28,180.0,70.0,0000300019,Helvetia Flow Systems AG,,
100009,Coolant Pump CP-7,2000,0001,2024-06-01,144.0,421.0,143.0,420.0,143.0,28,180.0,70.0,0000300019,Helvetia Flow Systems AG,,
100009,Coolant Pump CP-7,2000,0001,2024-07-01,421.0,295.0,126.0,0.0,126.0,28,180.0,70.0,0000300019,Helvetia Flow Systems AG,,
100009,Coolant Pump CP-7,2000,0001,2024-10-01,440.0,318.0,122.0,0.0,122.0,28,180.0,70.0,0000300019,Helvetia Flow Systems AG,,
100009,Coolant Pump CP-7,2000,0001,2024-11-01,318.0,168.0,150.0,0.0,150.0,28,180.0,70.0,0000300019,Helvetia Flow Systems AG,,
100009,Coolant Pump CP-7,2000,0001,2024-12-01,168.0,448.0,140.0,420.0,140.0,28,180.0,70.0,0000300019,Helvetia Flow Systems AG,,
100009,Coolant Pump CP-7,2000,0001,2025-01-01,448.0,310.0,138.0,0.0,138.0,28,180.0,70.0,0000300019,Helvetia Flow Systems AG,,
100009,Coolant Pump CP-7,2000,0001,2025-02-01,310.0,170.0,140.0,0.0,140.0,28,180.0,70.0,0000300019,Helvetia Flow Systems AG,,
100009,Coolant Pump CP-7,2000,0001,2025-03-01,170.0,438.0,152.0,420.0,152.0,28,180.0,70.0,0000300019,Helvetia Flow Systems AG,,
100009,Coolant Pump CP-7,2000,0001,2025-04-01,438.0,316.0,122.0,0.0,122.0,28,180.0,70.0,0000300019,Helvetia Flow Systems AG,,
100009,Coolant Pump CP-7,2000,0001,2025-05-01,316.0,175.0,141.0,0.0,141.0,28,180.0,70.0,0000300019,Helvetia Flow Systems AG,,
100009,Coolant Pump CP-7,2000,0001,2025-06-01,175.0,467.0,128.0,420.0,128.0,28,180.0,70.0,0000300019,Helvetia Flow Systems AG,,
100009,Coolant Pump CP-7,2000,0001,2025-07-01,467.0,323.0,144.0,0.0,144.0,28,180.0,70.0,0000300019,Helvetia Flow Systems AG,,
100009,Coolant Pump CP-7,2000,0001,2025-09-01,186.0,39.0,147.0,0.0,147.0,28,180.0,70.0,0000300019,Helvetia Flow Systems AG,,
100009,Coolant Pump CP-7,2000,0001,2025-10-01,39.0,327.0,132.0,420.0,132.0,28,180.0,70.0,0000300019,Helvetia Flow Systems AG,,
100009,Coolant Pump CP-7,2000,0001,2025-11-01,327.0,194.0,133.0,0.0,133.0,28,180.0,70.0,0000300019,Helvetia Flow Systems AG,,
100009,Coolant Pump CP-7,2000,0001,2025-12-01,194.0,54.0,140.0,0.0,140.0,28,180.0,70.0,0000300019,Helvetia Flow Systems AG,,
100009,Coolant Pump CP-7,2000,0001,2026-01-01,54.0,343.0,131.0,420.0,131.0,28,180.0,70.0,0000300019,Helvetia Flow Systems AG,,
100009,Coolant Pump CP-7,2000,0001,2026-02-01,343.0,199.0,144.0,0.0,144.0,28,180.0,70.0,0000300019,Helvetia Flow Systems AG,,
100009,Coolant Pump CP-7,2000,0001,2026-03-01,199.0,47.0,152.0,0.0,152.0,28,180.0,70.0,0000300019,Helvetia Flow Systems AG,,
100009,Coolant Pump CP-7,2000,0001,2026-04-01,47.0,322.0,145.0,420.0,145.0,28,180.0,70.0,0000300019,Helvetia Flow Systems AG,,
100009,Coolant Pump CP-7,2000,0001,2026-05-01,322.0,169.0,153.0,0.0,153.0,28,180.0,70.0,0000300019,Helvetia Flow Systems AG,,
100009,Coolant Pump CP-7,2000,0001,2026-06-01,169.0,700.0,134.0,665.0,134.0,28,180.0,70.0,0000300019,Helvetia Flow Systems AG,,
100010,Sensor Module SM-4,2000,0001,2026-04-01,36.0,181.0,50.0,195.0,50.0,21,80.0,40.0,0000300012,Ravenna Metalworks S.p.A.,,
100010,Sensor Module SM-4,2000,0001,2026-05-01,181.0,107.0,74.0,0.0,74.0,21,80.0,40.0,0000300012,Ravenna Metalworks S.p.A.,,
100010,Sensor Module SM-4,2000,0001,2026-06-01,107.0,325.0,65.0,283.0,65.0,21,80.0,40.0,0000300012,Ravenna Metalworks S.p.A.,,
100011,Timing Chain TC-8,2000,0002,2024-01-01,780.0,521.0,259.0,0.0,259.0,42,340.0,120.0,0000300001,Nordwind Industrieteile GmbH,,
100011,Timing Chain TC-8,2000,0002,2024-02-01,521.0,278.0,243.0,0.0,243.0,42,340.0,120.0,0000300001,Nordwind Industrieteile GmbH,,
100011,Timing Chain TC-8,2000,0002,2024-03-01,278.0,797.0,261.0,780.0,261.0,42,340.0,120.0,0000300001,Nordwind Industrieteile GmbH,,
100011,Timing Chain TC-8,2000,0002,2024-04-01,797.0,532.0,265.0,0.0,265.0,42,340.0,120.0,0000300001,Nordwind Industrieteile GmbH,,
100011,Timing Chain TC-8,2000,0002,2024-05-01,532.0,281.0,251.0,0.0,251.0,42,340.0,120.0,0000300001,Nordwind Industrieteile GmbH,,
100011,Timing Chain TC-8,2000,0002,2024-06-01,281.0,807.0,254.0,780.0,254.0,42,340.0,120.0,0000300001,Nordwind Industrieteile GmbH,,
100011,Timing Chain TC-8,2000,0002,2024-07-01,807.0,536.0,271.0,0.0,271.0,42,340.0,120.0,0000300001,Nordwind Industrieteile GmbH,,
100011,Timing Chain TC-8,2000,0002,2024-08-01,536.0,278.0,258.0,0.0,258.0,42,340.0,120.0,0000300001,Nordwind Industrieteile GmbH,,
100011,Timing Chain TC-8,2000,0002,2024-09-01,278.0,794.0,264.0,780.0,264.0,42,340.0,120.0,0000300001,Nordwind Industrieteile GmbH,,
100011,Timing Chain TC-8,2000,0002,2024-10-01,794.0,541.0,253.0,0.0,253.0,42,340.0,120.0,0000300001,Nordwind Industrieteile GmbH,,
100011,Timing Chain TC-8,2000,0002,2024-11-01,541.0,260.0,281.0,0.0,281.0,42,340.0,120.0,0000300001,Nordwind Industrieteile GmbH,,
100011,Timing Chain TC-8,2000,0002,2024-12-01,260.0,773.0,267.0,780.0,267.0,42,340.0,120.0,0000300001,Nordwind Industrieteile GmbH,,
100011,Timing Chain TC-8,2000,0002,2025-01-01,773.0,495.0,278.0,0.0,278.0,42,340.0,120.0,0000300001,Nordwind Industrieteile GmbH,,
100011,Timing Chain TC-8,2000,0002,2025-02-01,495.0,228.0,267.0,0.0,267.0,42,340.0,120.0,0000300001,Nordwind Industrieteile GmbH,,
100011,Timing Chain TC-8,2000,0002,2025-03-01,228.0,757.0,251.0,780.0,251.0,42,340.0,120.0,0000300001,Nordwind Industrieteile GmbH,,
100011,Timing Chain TC-8,2000,0002,2025-04-01,757.0,496.0,261.0,0.0,261.0,42,340.0,120.0,0000300001,Nordwind Industrieteile GmbH,,
100011,Timing Chain TC-8,2000,0002,2025-05-01,496.0,244.0,252.0,0.0,252.0,42,340.0,120.0,0000300001,Nordwind Industrieteile GmbH,,
100011,Timing Chain TC-8,2000,0002,2025-06-01,244.0,766.0,258.0,780.0,258.0,42,340.0,120.0,0000300001,Nordwind Industrieteile GmbH,,
100011,Timing Chain TC-8,2000,0002,2025-07-01,766.0,509.0,257.0,0.0,257.0,42,340.0,120.0,0000300001,Nordwind Industrieteile GmbH,,
100011,Timing Chain TC-8,2000,0002,2025-08-01,509.0,256.0,253.0,0.0,253.0,42,340.0,120.0,0000300001,Nordwind Industrieteile GmbH,,
100011,Timing Chain TC-8,2000,0002,2025-09-01,256.0,788.0,248.0,780.0,248.0,42,340.0,120.0,0000300001,Nordwind Industrieteile GmbH,,
100011,Timing Chain TC-8,2000,0002,2025-10-01,788.0,538.0,250.0,0.0,250.0,42,340.0,120.0,0000300001,Nordwind Industrieteile GmbH,,
100011,Timing Chain TC-8,2000,0002,2025-11-01,538.0,275.0,263.0,0.0,263.0,42,340.0,120.0,0000300001,Nordwind Industrieteile GmbH,,
100011,Timing Chain TC-8,2000,0002,2025-12-01,275.0,795.0,260.0,780.0,260.0,42,340.0,120.0,0000300001,Nordwind Industrieteile GmbH,,
100011,Timing Chain TC-8,2000,0002,2026-01-01,795.0,558.0,237.0,0.0,237.0,42,340.0,120.0,0000300001,Nordwind Industrieteile GmbH,,
100011,Timing Chain TC-8,2000,0002,2026-02-01,558.0,277.0,281.0,0.0,281.0,42,340.0,120.0,0000300001,Nordwind Industrieteile GmbH,,
100011,Timing Chain TC-8,2000,0002,2026-03-01,277.0,810.0,247.0,780.0,247.0,42,340.0,120.0,0000300001,Nordwind Industrieteile GmbH,,
100011,Timing Chain TC-8,2000,0002,2026-04-01,810.0,552.0,258.0,0.0,258.0,42,340.0,120.0,0000300001,Nordwind Industrieteile GmbH,,
100011,Timing Chain TC-8,2000,0002,2026-05-01,552.0,324.0,228.0,0.0,228.0,42,340.0,120.0,0000300001,Nordwind Industrieteile GmbH,,
100011,Timing Chain TC-8,2000,0002,2026-06-01,324.0,150.0,250.0,76.0,250.0,42,340.0,120.0,0000300001,Nordwind Industrieteile GmbH,900.0,2026-10-04
100012,Weld Wire WW-2,3000,0001,2024-01-01,,,503.0,0.0,503.0,14,,,0000300007,Meridian Fasteners Ltd,,
100012,Weld Wire WW-2,3000,0001,2024-02-01,,,523.0,0.0,523.0,14,,,0000300007,Meridian Fasteners Ltd,,
100012,Weld Wire WW-2,3000,0001,2024-03-01,,,521.0,1560.0,521.0,14,,,0000300007,Meridian Fasteners Ltd,,
100012,Weld Wire WW-2,3000,0001,2024-04-01,,,480.0,0.0,480.0,14,,,0000300007,Meridian Fasteners Ltd,,
100012,Weld Wire WW-2,3000,0001,2024-05-01,,,554.0,0.0,554.0,14,,,0000300007,Meridian Fasteners Ltd,,
100012,Weld Wire WW-2,3000,0001,2024-06-01,,,492.0,1560.0,492.0,14,,,0000300007,Meridian Fasteners Ltd,,
100012,Weld Wire WW-2,3000,0001,2024-07-01,,,539.0,0.0,539.0,14,,,0000300007,Meridian Fasteners Ltd,,
100012,Weld Wire WW-2,3000,0001,2024-08-01,,,487.0,0.0,487.0,14,,,0000300007,Meridian Fasteners Ltd,,
100012,Weld Wire WW-2,3000,0001,2024-09-01,,,531.0,1560.0,531.0,14,,,0000300007,Meridian Fasteners Ltd,,
100012,Weld Wire WW-2,3000,0001,2024-10-01,,,579.0,0.0,579.0,14,,,0000300007,Meridian Fasteners Ltd,,
100012,Weld Wire WW-2,3000,0001,2024-11-01,,,518.0,0.0,518.0,14,,,0000300007,Meridian Fasteners Ltd,,
100012,Weld Wire WW-2,3000,0001,2024-12-01,,,607.0,1560.0,607.0,14,,,0000300007,Meridian Fasteners Ltd,,
100012,Weld Wire WW-2,3000,0001,2025-01-01,,,528.0,0.0,528.0,14,,,0000300007,Meridian Fasteners Ltd,,
100012,Weld Wire WW-2,3000,0001,2025-02-01,,,521.0,0.0,521.0,14,,,0000300007,Meridian Fasteners Ltd,,
100012,Weld Wire WW-2,3000,0001,2025-03-01,,,573.0,1560.0,573.0,14,,,0000300007,Meridian Fasteners Ltd,,
100012,Weld Wire WW-2,3000,0001,2025-04-01,,,498.0,0.0,498.0,14,,,0000300007,Meridian Fasteners Ltd,,
100012,Weld Wire WW-2,3000,0001,2025-05-01,,,497.0,0.0,497.0,14,,,0000300007,Meridian Fasteners Ltd,,
100012,Weld Wire WW-2,3000,0001,2025-06-01,,,531.0,1560.0,531.0,14,,,0000300007,Meridian Fasteners Ltd,,
100012,Weld Wire WW-2,3000,0001,2025-07-01,,,521.0,0.0,521.0,14,,,0000300007,Meridian Fasteners Ltd,,
100012,Weld Wire WW-2,3000,0001,2025-08-01,,,519.0,0.0,519.0,14,,,0000300007,Meridian Fasteners Ltd,,
100012,Weld Wire WW-2,3000,0001,2025-09-01,,,526.0,1560.0,526.0,14,,,0000300007,Meridian Fasteners Ltd,,
100012,Weld Wire WW-2,3000,0001,2025-10-01,,,529.0,0.0,529.0,14,,,0000300007,Meridian Fasteners Ltd,,
100012,Weld Wire WW-2,3000,0001,2025-11-01,,,509.0,0.0,509.0,14,,,0000300007,Meridian Fasteners Ltd,,
100012,Weld Wire WW-2,3000,0001,2025-12-01,,,541.0,1560.0,541.0,14,,,0000300007,Meridian Fasteners Ltd,,
100012,Weld Wire WW-2,3000,0001,2026-01-01,,,481.0,0.0,481.0,14,,,0000300007,Meridian Fasteners Ltd,,
100012,Weld Wire WW-2,3000,0001,2026-02-01,,,526.0,0.0,526.0,14,,,0000300007,Meridian Fasteners Ltd,,
100012,Weld Wire WW-2,3000,0001,2026-03-01,,,498.0,1560.0,498.0,14,,,0000300007,Meridian Fasteners Ltd,,
100012,Weld Wire WW-2,3000,0001,2026-04-01,,,571.0,0.0,571.0,14,,,0000300007,Meridian Fasteners Ltd,,
100012,Weld Wire WW-2,3000,0001,2026-05-01,,,484.0,0.0,484.0,14,,,0000300007,Meridian Fasteners Ltd,,
100012,Weld Wire WW-2,3000,0001,2026-06-01,,,565.0,1560.0,565.0,14,,,0000300007,Meridian Fasteners Ltd,,
100013,Pressure Switch PS-6,3000,0001,2024-01-01,285.0,178.0,107.0,0.0,107.0,21,120.0,50.0,0000300019,Helvetia Flow Systems AG,,
100013,Pressure Switch PS-6,3000,0001,2024-02-01,178.0,86.0,92.0,0.0,92.0,21,120.0,50.0,0000300019,Helvetia Flow Systems AG,,
100013,Pressure Switch PS-6,3000,0001,2024-03-01,86.0,278.0,93.0,285.0,93.0,21,120.0,50.0,0000300019,Helvetia Flow Systems AG,,
100013,Pressure Switch PS-6,3000,0001,2024-04-01,278.0,183.0,95.0,0.0,95.0,21,120.0,50.0,0000300019,Helvetia Flow Systems AG,,
100013,Pressure Switch PS-6,3000,0001,2024-05-01,183.0,90.0,93.0,0.0,93.0,21,120.0,50.0,0000300019,Helvetia Flow Systems AG,,
100013,Pressure Switch PS-6,3000,0001,2024-06-01,90.0,277.0,98.0,285.0,98.0,21,120.0,50.0,0000300019,Helvetia Flow Systems AG,,
100013,Pressure Switch PS-6,3000,0001,2024-07-01,277.0,185.0,92.0,0.0,92.0,21,120.0,50.0,0000300019,Helvetia Flow Systems AG,,
100013,Pressure Switch PS-6,3000,0001,2024-08-01,185.0,98.0,87.0,0.0,87.0,21,120.0,50.0,0000300019,Helvetia Flow Systems AG,,
100013,Pressure Switch PS-6,3000,0001,2024-09-01,98.0,290.0,93.0,285.0,93.0,21,120.0,50.0,0000300019,Helvetia Flow Systems AG,,
100013,Pressure Switch PS-6,3000,0001,2024-10-01,290.0,201.0,89.0,0.0,89.0,21,120.0,50.0,0000300019,Helvetia Flow Systems AG,,
100013,Pressure Switch PS-6,3000,0001,2024-11-01,201.0,114.0,87.0,0.0,87.0,21,120.0,50.0,0000300019,Helvetia Flow Systems AG,,
100013,Pressure Switch PS-6,3000,0001,2024-12-01,114.0,307.0,92.0,285.0,92.0,21,120.0,50.0,0000300019,Helvetia Flow Systems AG,,
100013,Pressure Switch PS-6,3000,0001,2025-01-01,307.0,256.0,88.0,0.0,88.0,21,120.0,50.0,0000300019,Helvetia Flow Systems AG,,
100013,Pressure Switch PS-6,3000,0001,2025-02-01,219.0,122.0,97.0,0.0,97.0,21,120.0,50.0,0000300019,Helvetia Flow Systems AG,,
100013,Pressure Switch PS-6,3000,0001,2025-03-01,122.0,32.0,90.0,0.0,90.0,21,120.0,50.0,0000300019,Helvetia Flow Systems AG,,
100013,Pressure Switch PS-6,3000,0001,2025-04-01,32.0,214.0,103.0,285.0,103.0,21,120.0,50.0,0000300019,Helvetia Flow Systems AG,,
100013,Pressure Switch PS-6,3000,0001,2025-05-01,214.0,127.0,87.0,0.0,87.0,21,120.0,50.0,0000300019,Helvetia Flow Systems AG,,
100013,Pressure Switch PS-6,3000,0001,2025-06-01,127.0,31.0,96.0,0.0,96.0,21,120.0,50.0,0000300019,Helvetia Flow Systems AG,,
100013,Pressure Switch PS-6,3000,0001,2025-07-01,31.0,210.0,106.0,285.0,106.0,21,120.0,50.0,0000300019,Helvetia Flow Systems AG,,
100013,Pressure Switch PS-6,3000,0001,2025-08-01,210.0,124.0,86.0,0.0,86.0,21,120.0,50.0,0000300019,Helvetia Flow Systems AG,,
100013,Pressure Switch PS-6,3000,0001,2025-09-01,124.0,28.0,96.0,0.0,96.0,21,120.0,50.0,0000300019,Helvetia Flow Systems AG,,
100013,Pressure Switch PS-6,3000,0001,2025-10-01,28.0,254.0,96.0,285.0,96.0,21,120.0,50.0,0000300019,Helvetia Flow Systems AG,,
100013,Pressure Switch PS-6,3000,0001,2025-11-01,217.0,125.0,92.0,0.0,92.0,21,120.0,50.0,0000300019,Helvetia Flow Systems AG,,
100013,Pressure Switch PS-6,3000,0001,2025-12-01,125.0,20.0,105.0,0.0,105.0,21,120.0,50.0,0000300019,Helvetia Flow Systems AG,,
100013,Pressure Switch PS-6,3000,0001,2026-01-01,20.0,209.0,96.0,285.0,96.0,21,120.0,50.0,0000300019,Helvetia Flow Systems AG,,
100013,Pressure Switch PS-6,3000,0001,2026-02-01,209.0,113.0,96.0,0.0,96.0,21,120.0,50.0,0000300019,Helvetia Flow Systems AG,,
100013,Pressure Switch PS-6,3000,0001,2026-03-01,113.0,308.0,90.0,285.0,90.0,21,120.0,50.0,0000300019,Helvetia Flow Systems AG,,
100013,Pressure Switch PS-6,3000,0001,2026-04-01,308.0,219.0,89.0,0.0,89.0,21,120.0,50.0,0000300019,Helvetia Flow Systems AG,,
100013,Pressure Switch PS-6,3000,0001,2026-05-01,219.0,126.0,93.0,0.0,93.0,21,120.0,50.0,0000300019,Helvetia Flow Systems AG,,
100013,Pressure Switch PS-6,3000,0001,2026-06-01,126.0,475.0,90.0,439.0,90.0,21,120.0,50.0,0000300019,Helvetia Flow Systems AG,,
100001,Bearing Assembly 50mm,3000,0001,2024-01-01,420.0,278.0,142.0,0.0,142.0,17,190.0,70.0,0000300004,Baltic Precision Components AB,,
100001,Bearing Assembly 50mm,3000,0001,2024-02-01,278.0,136.0,142.0,0.0,142.0,17,190.0,70.0,0000300004,Baltic Precision Components AB,,
100001,Bearing Assembly 50mm,3000,0001,2024-03-01,136.0,418.0,138.0,420.0,138.0,17,190.0,70.0,0000300004,Baltic Precision Components AB,,
100001,Bearing Assembly 50mm,3000,0001,2024-04-01,418.0,278.0,140.0,0.0,140.0,17,190.0,70.0,0000300004,Baltic Precision Components AB,,
100001,Bearing Assembly 50mm,3000,0001,2024-05-01,278.0,139.0,139.0,0.0,139.0,17,190.0,70.0,0000300004,Baltic Precision Components AB,,
100001,Bearing Assembly 50mm,3000,0001,2024-06-01,139.0,415.0,144.0,420.0,144.0,17,190.0,70.0,0000300004,Baltic Precision Components AB,,
100001,Bearing Assembly 50mm,3000,0001,2024-07-01,415.0,261.0,154.0,0.0,154.0,17,190.0,70.0,0000300004,Baltic Precision Components AB,,
100001,Bearing Assembly 50mm,3000,0001,2024-08-01,261.0,121.0,140.0,0.0,140.0,17,190.0,70.0,0000300004,Baltic Precision Components AB,,
100001,Bearing Assembly 50mm,3000,0001,2024-09-01,121.0,412.0,129.0,420.0,129.0,17,190.0,70.0,0000300004,Baltic Precision Components AB,,
100001,Bearing Assembly 50mm,3000,0001,2024-10-01,412.0,276.0,136.0,0.0,136.0,17,190.0,70.0,0000300004,Baltic Precision Components AB,,
100001,Bearing Assembly 50mm,3000,0001,2024-11-01,276.0,148.0,128.0,0.0,128.0,17,190.0,70.0,0000300004,Baltic Precision Components AB,,
100001,Bearing Assembly 50mm,3000,0001,2024-12-01,148.0,429.0,139.0,420.0,139.0,17,190.0,70.0,0000300004,Baltic Precision Components AB,,
100001,Bearing Assembly 50mm,3000,0001,2025-01-01,429.0,285.0,144.0,0.0,144.0,17,190.0,70.0,0000300004,Baltic Precision Components AB,,
100001,Bearing Assembly 50mm,3000,0001,2025-02-01,285.0,136.0,149.0,0.0,149.0,17,190.0,70.0,0000300004,Baltic Precision Components AB,,
100001,Bearing Assembly 50mm,3000,0001,2025-03-01,136.0,420.0,136.0,420.0,136.0,17,190.0,70.0,0000300004,Baltic Precision Components AB,,
100001,Bearing Assembly 50mm,3000,0001,2025-04-01,420.0,283.0,137.0,0.0,137.0,17,190.0,70.0,0000300004,Baltic Precision Components AB,,
100001,Bearing Assembly 50mm,3000,0001,2025-05-01,283.0,137.0,146.0,0.0,146.0,17,190.0,70.0,0000300004,Baltic Precision Components AB,,
100001,Bearing Assembly 50mm,3000,0001,2025-06-01,137.0,414.0,143.0,420.0,143.0,17,190.0,70.0,0000300004,Baltic Precision Components AB,,
100001,Bearing Assembly 50mm,3000,0001,2025-07-01,414.0,266.0,148.0,0.0,148.0,17,190.0,70.0,0000300004,Baltic Precision Components AB,,
100001,Bearing Assembly 50mm,3000,0001,2025-08-01,266.0,134.0,132.0,0.0,132.0,17,190.0,70.0,0000300004,Baltic Precision Components AB,,
100001,Bearing Assembly 50mm,3000,0001,2025-09-01,134.0,409.0,145.0,420.0,145.0,17,190.0,70.0,0000300004,Baltic Precision Components AB,,
100001,Bearing Assembly 50mm,3000,0001,2025-10-01,409.0,263.0,146.0,0.0,146.0,17,190.0,70.0,0000300004,Baltic Precision Components AB,,
100001,Bearing Assembly 50mm,3000,0001,2025-11-01,263.0,118.0,145.0,0.0,145.0,17,190.0,70.0,0000300004,Baltic Precision Components AB,,
100001,Bearing Assembly 50mm,3000,0001,2025-12-01,118.0,401.0,137.0,420.0,137.0,17,190.0,70.0,0000300004,Baltic Precision Components AB,,
100001,Bearing Assembly 50mm,3000,0001,2026-01-01,401.0,266.0,135.0,0.0,135.0,17,190.0,70.0,0000300004,Baltic Precision Components AB,,
100001,Bearing Assembly 50mm,3000,0001,2026-02-01,266.0,129.0,137.0,0.0,137.0,17,190.0,70.0,0000300004,Baltic Precision Components AB,,
100001,Bearing Assembly 50mm,3000,0001,2026-03-01,129.0,417.0,132.0,420.0,132.0,17,190.0,70.0,0000300004,Baltic Precision Components AB,,
100001,Bearing Assembly 50mm,3000,0001,2026-04-01,417.0,284.0,133.0,0.0,133.0,17,190.0,70.0,0000300004,Baltic Precision Components AB,,
100001,Bearing Assembly 50mm,3000,0001,2026-05-01,284.0,152.0,132.0,0.0,132.0,17,190.0,70.0,0000300004,Baltic Precision Components AB,,
100001,Bearing Assembly 50mm,3000,0001,2026-06-01,152.0,700.0,152.0,700.0,152.0,17,190.0,70.0,0000300004,Baltic Precision Components AB,,
100014,Hex Bolt M12x60,3000,0001,2024-01-01,2340.0,1549.0,791.0,0.0,791.0,12,900.0,350.0,0000300007,Meridian Fasteners Ltd,,
100014,Hex Bolt M12x60,3000,0001,2024-02-01,1549.0,711.0,838.0,0.0,838.0,12,900.0,350.0,0000300007,Meridian Fasteners Ltd,,
100014,Hex Bolt M12x60,3000,0001,2024-03-01,711.0,2264.0,787.0,2340.0,787.0,12,900.0,350.0,0000300007,Meridian Fasteners Ltd,,
100014,Hex Bolt M12x60,3000,0001,2024-04-01,2264.0,1521.0,743.0,0.0,743.0,12,900.0,350.0,0000300007,Meridian Fasteners Ltd,,
100014,Hex Bolt M12x60,3000,0001,2024-05-01,1521.0,794.0,727.0,0.0,727.0,12,900.0,350.0,0000300007,Meridian Fasteners Ltd,,
100014,Hex Bolt M12x60,3000,0001,2024-06-01,794.0,2304.0,830.0,2340.0,830.0,12,900.0,350.0,0000300007,Meridian Fasteners Ltd,,
100014,Hex Bolt M12x60,3000,0001,2024-07-01,2304.0,1553.0,751.0,0.0,751.0,12,900.0,350.0,0000300007,Meridian Fasteners Ltd,,
100014,Hex Bolt M12x60,3000,0001,2024-08-01,1553.0,758.0,795.0,0.0,795.0,12,900.0,350.0,0000300007,Meridian Fasteners Ltd,,
100014,Hex Bolt M12x60,3000,0001,2024-09-01,758.0,2308.0,790.0,2340.0,790.0,12,900.0,350.0,0000300007,Meridian Fasteners Ltd,,
100014,Hex Bolt M12x60,3000,0001,2024-10-01,2308.0,1538.0,770.0,0.0,770.0,12,900.0,350.0,0000300007,Meridian Fasteners Ltd,,
100014,Hex Bolt M12x60,3000,0001,2024-11-01,1538.0,809.0,729.0,0.0,729.0,12,900.0,350.0,0000300007,Meridian Fasteners Ltd,,
100014,Hex Bolt M12x60,3000,0001,2024-12-01,809.0,2434.0,715.0,2340.0,715.0,12,900.0,350.0,0000300007,Meridian Fasteners Ltd,,
100014,Hex Bolt M12x60,3000,0001,2025-01-01,2434.0,1639.0,795.0,0.0,795.0,12,900.0,350.0,0000300007,Meridian Fasteners Ltd,,
100014,Hex Bolt M12x60,3000,0001,2025-02-01,1639.0,851.0,788.0,0.0,788.0,12,900.0,350.0,0000300007,Meridian Fasteners Ltd,,
100014,Hex Bolt M12x60,3000,0001,2025-03-01,851.0,2383.0,808.0,2340.0,808.0,12,900.0,350.0,0000300007,Meridian Fasteners Ltd,,
100014,Hex Bolt M12x60,3000,0001,2025-04-01,2383.0,1595.0,788.0,0.0,788.0,12,900.0,350.0,0000300007,Meridian Fasteners Ltd,,
100014,Hex Bolt M12x60,3000,0001,2025-05-01,1595.0,719.0,876.0,0.0,876.0,12,900.0,350.0,0000300007,Meridian Fasteners Ltd,,
100014,Hex Bolt M12x60,3000,0001,2025-06-01,719.0,2282.0,777.0,2340.0,777.0,12,900.0,350.0,0000300007,Meridian Fasteners Ltd,,
100014,Hex Bolt M12x60,3000,0001,2025-07-01,2282.0,1478.0,804.0,0.0,804.0,12,900.0,350.0,0000300007,Meridian Fasteners Ltd,,
100014,Hex Bolt M12x60,3000,0001,2025-08-01,1478.0,728.0,750.0,0.0,750.0,12,900.0,350.0,0000300007,Meridian Fasteners Ltd,,
100014,Hex Bolt M12x60,3000,0001,2025-09-01,728.0,2273.0,795.0,2340.0,795.0,12,900.0,350.0,0000300007,Meridian Fasteners Ltd,,
100014,Hex Bolt M12x60,3000,0001,2025-10-01,2273.0,1457.0,816.0,0.0,816.0,12,900.0,350.0,0000300007,Meridian Fasteners Ltd,,
100014,Hex Bolt M12x60,3000,0001,2025-11-01,1457.0,697.0,760.0,0.0,760.0,12,900.0,350.0,0000300007,Meridian Fasteners Ltd,,
100014,Hex Bolt M12x60,3000,0001,2025-12-01,697.0,2245.0,792.0,2340.0,792.0,12,900.0,350.0,0000300007,Meridian Fasteners Ltd,,
100014,Hex Bolt M12x60,3000,0001,2026-01-01,2245.0,1477.0,768.0,0.0,768.0,12,900.0,350.0,0000300007,Meridian Fasteners Ltd,,
100014,Hex Bolt M12x60,3000,0001,2026-02-01,1477.0,668.0,809.0,0.0,809.0,12,900.0,350.0,0000300007,Meridian Fasteners Ltd,,
100014,Hex Bolt M12x60,3000,0001,2026-03-01,668.0,2252.0,756.0,2340.0,756.0,12,900.0,350.0,0000300007,Meridian Fasteners Ltd,,
100014,Hex Bolt M12x60,3000,0001,2026-04-01,2252.0,1455.0,797.0,0.0,797.0,12,900.0,350.0,0000300007,Meridian Fasteners Ltd,,
100014,Hex Bolt M12x60,3000,0001,2026-05-01,1455.0,704.0,751.0,0.0,751.0,12,900.0,350.0,0000300007,Meridian Fasteners Ltd,,
100014,Hex Bolt M12x60,3000,0001,2026-06-01,704.0,3900.0,811.0,4007.0,811.0,12,900.0,350.0,0000300007,Meridian Fasteners Ltd,,
100015,Cabinet Fan CF-11,3000,0002,2024-01-01,480.0,383.0,97.0,0.0,97.0,24,210.0,80.0,0000300012,Ravenna Metalworks S.p.A.,,
100015,Cabinet Fan CF-11,3000,0002,2024-02-01,383.0,268.0,115.0,0.0,115.0,24,210.0,80.0,0000300012,Ravenna Metalworks S.p.A.,,
100015,Cabinet Fan CF-11,3000,0002,2024-03-01,268.0,138.0,130.0,0.0,130.0,24,210.0,80.0,0000300012,Ravenna Metalworks S.p.A.,,
100015,Cabinet Fan CF-11,3000,0002,2024-04-01,138.0,455.0,163.0,480.0,163.0,24,210.0,80.0,0000300012,Ravenna Metalworks S.p.A.,,
100015,Cabinet Fan CF-11,3000,0002,2024-05-01,455.0,274.0,181.0,0.0,181.0,24,210.0,80.0,0000300012,Ravenna Metalworks S.p.A.,,
100015,Cabinet Fan CF-11,3000,0002,2024-06-01,274.0,61.0,213.0,0.0,213.0,24,210.0,80.0,0000300012,Ravenna Metalworks S.p.A.,,
100015,Cabinet Fan CF-11,3000,0002,2024-07-01,61.0,331.0,210.0,480.0,210.0,24,210.0,80.0,0000300012,Ravenna Metalworks S.p.A.,,
100015,Cabinet Fan CF-11,3000,0002,2024-08-01,331.0,133.0,198.0,0.0,198.0,24,210.0,80.0,0000300012,Ravenna Metalworks S.p.A.,,
100015,Cabinet Fan CF-11,3000,0002,2024-09-01,133.0,427.0,186.0,480.0,186.0,24,210.0,80.0,0000300012,Ravenna Metalworks S.p.A.,,
100015,Cabinet Fan CF-11,3000,0002,2024-10-01,427.0,261.0,166.0,0.0,166.0,24,210.0,80.0,0000300012,Ravenna Metalworks S.p.A.,,
100015,Cabinet Fan CF-11,3000,0002,2024-11-01,261.0,128.0,133.0,0.0,133.0,24,210.0,80.0,0000300012,Ravenna Metalworks S.p.A.,,
100015,Cabinet Fan CF-11,3000,0002,2024-12-01,128.0,503.0,105.0,480.0,105.0,24,210.0,80.0,0000300012,Ravenna Metalworks S.p.A.,,
100015,Cabinet Fan CF-11,3000,0002,2025-01-01,503.0,391.0,112.0,0.0,112.0,24,210.0,80.0,0000300012,Ravenna Metalworks S.p.A.,,
100015,Cabinet Fan CF-11,3000,0002,2025-02-01,391.0,285.0,106.0,0.0,106.0,24,210.0,80.0,0000300012,Ravenna Metalworks S.p.A.,,
100015,Cabinet Fan CF-11,3000,0002,2025-03-01,285.0,148.0,137.0,0.0,137.0,24,210.0,80.0,0000300012,Ravenna Metalworks S.p.A.,,
100015,Cabinet Fan CF-11,3000,0002,2025-04-01,148.0,467.0,161.0,480.0,161.0,24,210.0,80.0,0000300012,Ravenna Metalworks S.p.A.,,
100015,Cabinet Fan CF-11,3000,0002,2025-05-01,467.0,283.0,184.0,0.0,184.0,24,210.0,80.0,0000300012,Ravenna Metalworks S.p.A.,,
100015,Cabinet Fan CF-11,3000,0002,2025-06-01,283.0,77.0,206.0,0.0,206.0,24,210.0,80.0,0000300012,Ravenna Metalworks S.p.A.,,
100015,Cabinet Fan CF-11,3000,0002,2025-07-01,77.0,326.0,231.0,480.0,231.0,24,210.0,80.0,0000300012,Ravenna Metalworks S.p.A.,,
100015,Cabinet Fan CF-11,3000,0002,2025-08-01,326.0,130.0,196.0,0.0,196.0,24,210.0,80.0,0000300012,Ravenna Metalworks S.p.A.,,
100015,Cabinet Fan CF-11,3000,0002,2025-09-01,130.0,415.0,195.0,480.0,195.0,24,210.0,80.0,0000300012,Ravenna Metalworks S.p.A.,,
100015,Cabinet Fan CF-11,3000,0002,2025-10-01,415.0,269.0,146.0,0.0,146.0,24,210.0,80.0,0000300012,Ravenna Metalworks S.p.A.,,
100015,Cabinet Fan CF-11,3000,0002,2025-11-01,269.0,142.0,127.0,0.0,127.0,24,210.0,80.0,0000300012,Ravenna Metalworks S.p.A.,,
100015,Cabinet Fan CF-11,3000,0002,2025-12-01,142.0,512.0,110.0,480.0,110.0,24,210.0,80.0,0000300012,Ravenna Metalworks S.p.A.,,
100015,Cabinet Fan CF-11,3000,0002,2026-01-01,512.0,402.0,110.0,0.0,110.0,24,210.0,80.0,0000300012,Ravenna Metalworks S.p.A.,,
100015,Cabinet Fan CF-11,3000,0002,2026-02-01,402.0,292.0,110.0,0.0,110.0,24,210.0,80.0,0000300012,Ravenna Metalworks S.p.A.,,
100015,Cabinet Fan CF-11,3000,0002,2026-03-01,292.0,172.0,120.0,0.0,120.0,24,210.0,80.0,0000300012,Ravenna Metalworks S.p.A.,,
100015,Cabinet Fan CF-11,3000,0002,2026-04-01,172.0,492.0,160.0,480.0,160.0,24,210.0,80.0,0000300012,Ravenna Metalworks S.p.A.,,
100015,Cabinet Fan CF-11,3000,0002,2026-05-01,492.0,292.0,200.0,0.0,200.0,24,210.0,80.0,0000300012,Ravenna Metalworks S.p.A.,,
100015,Cabinet Fan CF-11,3000,0002,2026-06-01,292.0,800.0,218.0,726.0,218.0,24,210.0,80.0,0000300012,Ravenna Metalworks S.p.A.,,
